source,target,weight
76,26,29
76,183,2
76,38,1
76,125,1
76,212,1
76,129,2
76,204,3
76,153,1
82,99,1
82,183,1
82,200,3
82,125,1
230,103,2
230,207,3
230,80,2
230,90,19
230,122,2
230,243,1
230,195,45
230,128,2
230,113,6
230,72,2
230,86,24
230,224,4
230,232,23
230,129,11
230,143,16
230,99,20
230,183,9
230,51,1
230,114,1
230,31,1
230,154,39
230,220,1
230,215,1
230,117,6
230,157,1
230,64,12
230,125,2
230,8,1
230,83,1
230,55,3
230,197,2
230,204,4
230,153,3
230,76,1
230,131,1
230,196,2
230,176,3
230,185,14
6,12,2
74,215,2
74,65,1
74,89,4
74,44,1
74,133,20
74,166,4
74,206,2
74,212,47
74,203,3
74,71,4
74,188,4
74,180,1
74,187,1
74,98,4
74,161,1
74,222,4
74,38,3
74,235,3
74,231,3
74,132,1
74,218,3
74,158,2
74,76,3
74,120,3
74,64,2
74,101,3
74,17,3
74,152,3
74,139,3
74,23,3
74,103,3
74,16,3
74,8,2
74,59,3
74,207,1
74,80,3
74,66,2
74,117,1
74,183,4
74,232,8
74,122,3
74,216,3
74,173,1
74,199,1
74,26,1
74,40,1
74,99,4
74,136,1
74,41,2
74,91,3
74,163,1
74,153,1
74,220,1
74,82,1
74,157,1
74,202,1
74,92,1
74,204,1
74,241,1
74,174,3
74,239,1
74,106,1
74,221,1
74,200,2
74,125,3
74,83,1
74,129,5
74,130,1
74,154,2
74,31,2
74,236,1
74,105,1
74,176,2
46,106,6
46,215,5
46,65,1
46,89,1
46,44,4
46,193,4
46,133,1
46,166,1
46,206,5
46,212,56
46,203,5
46,71,1
46,188,1
46,180,5
46,187,5
46,98,1
46,161,1
46,222,2
46,38,5
46,235,1
46,231,1
46,132,1
46,218,2
46,76,1
46,120,1
46,64,24
46,101,1
46,17,1
46,152,1
46,139,1
46,23,1
46,103,1
46,74,1
46,16,1
46,8,1
46,59,1
46,151,4
46,207,3
46,80,1
46,66,6
46,90,3
46,242,2
46,238,2
46,190,2
46,117,3
46,183,1
46,232,5
46,122,2
46,216,13
46,173,1
46,243,10
46,154,1
46,51,5
46,129,7
46,26,1
46,174,55
46,40,2
46,99,1
46,136,5
46,157,1
46,239,1
46,41,3
46,91,1
46,14,4
46,52,4
46,47,1
46,43,22
46,116,1
46,153,1
46,220,1
46,36,1
46,240,3
46,167,4
46,140,2
46,97,6
46,82,4
46,138,4
46,2,4
46,221,2
46,1,4
46,170,3
46,77,4
46,142,4
46,119,3
46,126,2
46,202,1
46,244,1
46,92,1
46,204,1
46,241,1
46,111,1
46,233,3
46,93,3
46,107,6
46,156,1
46,21,1
46,143,8
46,195,8
46,7,1
46,70,1
46,48,1
46,200,1
46,128,1
46,223,1
46,121,7
46,57,1
240,203,4
240,222,4
240,136,18
240,47,1
240,111,9
240,93,1
240,174,2
240,66,2
240,70,1
240,244,2
240,107,11
240,156,3
144,89,1
144,44,1
144,166,1
144,206,21
144,212,1
144,71,1
144,188,1
144,180,1
144,187,1
144,98,157
144,161,1
144,222,1
144,117,1
144,216,1
144,199,1
144,215,1
144,183,2
144,232,32
144,18,12
125,44,1
125,166,19
125,71,4
125,231,1
125,132,3
125,218,1
125,158,2
125,76,2
125,120,1
125,64,13
125,23,12
125,207,4
125,117,3
125,183,188
125,232,103
125,216,1
125,192,1
125,236,6
125,129,130
125,143,13
125,195,7
125,128,2
125,153,13
125,194,8
125,82,1
125,72,3
125,131,4
125,204,38
125,50,2
125,86,1
125,241,10
125,90,8
125,8,1
125,105,1
125,69,1
125,206,4
125,99,31
125,51,7
125,80,1
125,113,1
125,114,2
125,230,8
125,185,1
125,31,12
125,174,4
125,220,6
125,215,2
125,161,2
125,221,1
125,200,1
125,212,4
125,91,1
125,133,1
125,235,1
125,224,1
125,49,4
125,83,2
125,55,43
125,160,7
125,173,2
125,197,3
125,130,2
125,154,4
125,98,14
125,188,1
125,144,9
125,196,21
125,176,41
125,103,3
125,233,1
244,106,13
244,222,18
244,41,1
244,107,5
244,156,24
244,216,17
244,174,19
244,40,7
244,215,1
244,161,2
244,136,46
244,240,13
244,111,6
244,93,11
171,69,1
171,222,13
171,38,34
171,242,1
171,117,21
171,232,43
171,82,4
171,130,6
171,212,14
171,16,11
171,161,4
171,216,18
171,174,8
171,239,2
171,40,1
171,106,2
171,220,3
171,44,12
171,215,8
171,66,4
171,99,6
171,26,2
171,17,2
171,84,2
171,221,21
171,183,13
171,48,2
171,157,4
171,203,4
171,47,2
171,24,2
171,210,2
171,200,5
171,43,2
171,71,5
171,64,2
171,125,1
171,91,2
171,133,3
171,206,1
171,235,1
171,8,9
171,224,5
171,49,1
171,83,3
171,51,4
171,55,1
171,129,3
171,132,2
171,160,4
171,163,3
171,173,1
171,197,1
171,201,2
171,204,3
171,80,2
171,238,7
171,223,1
171,153,2
171,154,5
171,10,24
171,187,6
171,46,1
171,188,1
171,207,2
171,74,6
171,195,1
171,179,1
171,135,18
171,180,1
171,75,1
177,215,59
177,65,1
177,89,1
177,44,26
177,133,2
177,166,14
177,206,599
177,212,95
177,203,1
177,71,12
177,188,7
177,180,1
177,187,34
177,98,7
177,161,41
177,222,1
177,38,9
177,235,6
177,231,1
177,132,34
177,218,1
177,76,5
177,120,4
177,64,1603
177,101,2
177,17,1
177,152,6
177,139,1
177,23,13
177,103,5
177,74,2
177,16,6
177,8,101
177,59,1
177,207,65
177,80,57
177,66,1
177,90,117
177,117,49
177,183,443
177,232,367
177,122,6
177,216,14
177,124,28
177,173,269
177,243,162
177,49,103
177,154,61
177,12,1
177,201,4
177,51,93
177,129,182
177,143,149
177,26,18
177,40,1
177,195,109
177,99,245
177,20,7
177,197,137
177,136,1
177,41,1
177,91,42
177,200,35
177,128,41
177,163,203
177,153,415
177,100,3
177,237,36
177,220,24
177,77,8
177,142,1
177,113,2
177,72,15
177,131,3
177,202,15
177,224,24
177,92,1
177,204,69
177,241,33
177,123,164
177,50,1
177,130,73
177,55,34
177,105,10
177,69,1
177,158,2
177,192,2
177,114,1
177,230,84
177,185,1
177,194,3
177,31,68
177,174,40
177,106,1
177,36,8
177,84,1
177,221,25
177,138,2
177,116,1
177,5,4
177,70,8
177,2,2
177,48,123
177,157,23
177,112,1
177,43,1
177,125,216
177,83,14
177,168,2
177,82,47
177,79,10
177,160,2
177,86,5
177,240,1
177,171,1
177,223,1
177,150,1
177,10,3
177,58,1
177,88,1
177,236,1
177,73,2
177,0,1
177,81,1
177,162,3
177,52,1
177,196,21
177,179,1
177,135,11
177,176,15
177,95,4
177,233,1
177,75,6
177,198,5
12,206,3
12,6,2
12,232,1
12,15,18
12,4,1
12,161,1
12,99,2
12,183,6
12,43,1
12,8,4
12,173,2
110,161,6
110,64,207
110,103,2
110,207,52
110,80,485
110,90,28
110,122,13
110,243,2
110,154,49
110,51,63
110,129,42
110,195,160
110,20,6
110,197,12
110,200,1
110,128,1
110,163,20
110,194,1
110,77,6
110,113,7
110,72,6
110,86,30
110,224,25
110,185,13
110,65,1
110,143,3
110,192,3
110,230,167
110,241,1
110,216,1
110,44,1
110,117,5
110,36,3
110,99,12
110,26,1
110,221,1
110,5,1
110,183,16
110,232,9
110,125,18
110,212,2
110,91,1
110,206,11
110,235,1
110,8,3
110,49,1
110,83,1
110,55,1
110,82,6
110,160,1
110,173,2
110,201,1
110,153,1
110,130,2
110,31,4
110,98,1
110,196,2
110,176,2
110,75,1
187,215,31
187,89,1
187,44,1
187,166,1
187,206,7
187,212,23
187,71,52
187,188,2
187,180,1
187,98,3
187,161,67
187,222,1
187,38,1
187,231,1
187,132,4
187,218,1
187,158,1
187,76,1
187,120,1
187,64,26
187,101,1
187,17,1
187,152,8
187,207,3
187,66,1
187,117,23
187,183,92
187,232,153
187,216,3
187,22,1
187,192,1
187,129,13
187,99,17
187,105,14
187,29,1
187,202,9
187,90,2
187,51,11
187,77,2
187,174,16
187,106,1
187,220,2
187,36,1
187,26,1
187,140,1
187,221,11
187,157,1
187,125,7
187,8,1
187,224,2
187,83,13
187,160,5
187,173,3
187,204,1
187,153,2
187,130,8
187,154,3
187,236,21
187,74,1
187,162,1
187,123,1
187,241,8
187,194,1
91,192,9
16,139,20
16,5,363
16,84,41
16,7,225
16,116,24
16,24,11
16,136,21
16,65,31
16,138,12
16,118,7
16,216,1
16,106,7
16,215,1
16,161,1
16,26,2
16,17,3
16,155,3
16,183,1
16,38,53
16,166,1
16,203,15
16,212,1
16,91,1
16,8,2
16,83,1
16,59,1
86,215,1
86,89,7
86,44,7
86,206,5
86,212,7
86,71,7
86,188,7
86,187,7
86,98,7
86,161,7
86,222,7
86,231,7
86,132,7
86,64,15
86,152,7
86,90,1
86,117,10
86,183,34
86,232,23
86,216,7
86,22,7
86,154,39
86,195,9
86,197,1
86,194,5
86,224,6
86,241,4
86,230,21
86,106,23
86,105,23
86,69,23
86,220,23
86,95,23
86,20,23
86,200,5
86,99,13
86,221,3
86,125,25
86,83,4
86,129,3
86,82,6
86,160,2
86,128,1
86,201,2
86,207,1
86,202,2
115,234,2
115,28,14
191,38,13
191,16,5
191,139,1
191,47,2
191,5,3
191,161,3
191,215,1
191,7,1
191,138,2
191,116,2
191,136,1
45,215,13
45,65,2
45,89,2
45,44,5
45,133,2
45,166,2
45,206,41
45,212,197
45,203,2
45,71,2
45,188,2
45,180,2
45,187,1
45,98,1
45,161,18
45,222,2
45,38,2
45,235,3
45,231,2
45,132,2
45,218,9
45,76,2
45,120,2
45,64,957
45,101,2
45,17,2
45,152,2
45,139,2
45,23,3
45,103,4
45,74,2
45,16,2
45,8,3
45,59,2
45,207,116
45,80,420
45,66,2
45,90,91
45,183,31
45,232,11
45,122,13
45,216,2
45,173,11
45,243,2
45,51,256
45,129,14
45,26,42
45,40,2
45,99,6
45,20,5
45,197,3
45,136,2
45,41,2
45,91,2
45,128,6
45,163,502
45,153,3
45,220,4
45,82,126
45,77,32
45,113,1
45,72,19
45,202,2
45,92,1
45,204,2
45,241,9
45,95,2
45,50,2
45,185,1
45,143,59
45,158,1
45,195,59
45,106,3
45,117,1
45,36,11
45,140,2
45,84,1
45,221,3
45,155,24
45,7,1
45,116,6
45,97,1
45,157,1
45,47,16
45,200,74
45,43,2
45,125,23
45,118,1
45,49,3
45,230,2
45,83,5
45,55,2
45,79,2
45,160,1
45,86,1
45,1,1
45,154,2
45,31,4
45,73,1
45,142,6
45,176,1
113,188,1
113,207,1
113,232,2
113,51,2
113,129,1
113,204,1
113,80,4
113,195,1
11,38,3
11,16,1
11,84,6
11,168,442
11,139,2
11,158,1
11,216,1
11,174,3
11,40,4
11,106,2
11,220,8
11,44,2
11,215,2
11,36,2
11,99,1
11,26,6
11,140,1
11,221,3
11,116,2
11,183,11
11,48,1
11,203,3
11,232,1
11,200,4
11,71,2
11,64,4
11,125,3
11,212,3
11,118,7
11,206,14
11,235,1
11,49,7
11,83,1
11,82,1
11,163,2
11,173,2
11,197,1
11,204,1
11,35,8
11,187,1
11,237,1
11,207,1
11,142,2
11,179,2
11,176,1
11,103,4
11,202,3
116,16,2
116,139,3
116,174,1
116,140,1
116,84,1
116,7,5
116,5,6
116,24,7
39,215,1
39,89,1
39,44,1
39,133,1
39,166,1
39,206,1
39,212,45
39,203,1
39,71,1
39,188,1
39,180,1
39,187,1
39,98,1
39,161,1
39,222,1
39,38,20
39,235,1
39,231,1
39,132,1
39,218,1
39,158,1
39,76,1
39,120,1
39,64,7
39,101,1
39,17,11
39,152,1
39,139,27
39,23,1
39,103,1
39,74,1
39,16,18
39,8,1
39,59,1
39,207,2
39,80,1
39,183,2
39,232,1
39,122,1
39,22,4
39,173,1
39,99,1
39,5,53
39,84,31
39,118,27
39,138,5
39,7,15
39,179,1
39,25,1
39,174,1
39,106,1
39,26,26
39,140,2
39,155,1
39,116,6
39,65,1
39,136,5
39,125,1
39,83,1
39,168,6
39,240,1
39,241,1
39,92,2
165,181,7202
165,18,25
165,215,11
165,117,1
165,99,2
165,183,3
165,157,1
165,232,2
165,143,1
165,91,1
165,206,4
165,82,1
165,204,1
165,98,6
165,179,1
165,241,2
218,18,1
26,215,1
26,65,10
26,89,1
26,44,5
26,133,1
26,166,1
26,206,7
26,212,122
26,203,1
26,71,1
26,188,1
26,180,1
26,187,2
26,98,1
26,161,1
26,222,1
26,38,7
26,235,2
26,231,1
26,132,1
26,218,1
26,76,1
26,120,1
26,101,1
26,17,25
26,152,1
26,139,4
26,23,1
26,103,1
26,74,1
26,16,13
26,8,2
26,59,1
26,66,1
26,183,54
26,232,2
26,216,1
26,173,2
26,154,1
26,40,1
26,99,16
26,136,1
26,41,1
26,91,8
26,153,1
26,220,1
26,202,1
26,197,2
26,92,1
26,174,1
26,204,1
26,241,1
26,79,8
26,140,1
26,221,6
26,70,1
26,157,1
26,200,1
26,64,9
26,125,6
26,107,1
26,55,1
26,129,11
26,82,9
26,163,1
26,128,5
26,80,2
26,124,2
26,31,1
26,73,1
26,176,1
5,65,20
5,16,227
5,139,10
5,138,44
5,84,4
5,22,1
5,17,13
5,7,162
5,116,22
5,136,1
5,38,2
5,166,11
5,203,2
5,232,1
5,47,1
5,24,19
5,173,1
5,28,1
130,215,1
130,89,2
130,44,2
130,166,2
130,206,32
130,212,37
130,71,5
130,188,1
130,180,2
130,187,2
130,98,2
130,161,3
130,222,2
130,38,1
130,231,1
130,132,5
130,218,1
130,158,1
130,76,1
130,120,1
130,64,13
130,101,1
130,103,4
130,117,5
130,183,40
130,232,63
130,216,1
130,22,1
130,192,1
130,199,1
130,200,1
130,153,47
130,129,8
130,204,1
130,174,1
130,36,2
130,99,1
130,48,1
130,125,1
130,235,1
130,224,1
130,160,2
130,173,2
130,154,1
130,31,6
130,152,2
130,23,3
104,106,128
104,215,54
104,89,28
104,44,129
104,193,2
104,133,3
104,206,573
104,212,51
104,203,2
104,71,11
104,188,6
104,180,1
104,187,2
104,98,8
104,161,52
104,222,9
104,38,6
104,231,28
104,132,25
104,218,1
104,64,2056
104,101,3
104,152,2
104,103,7
104,59,1
104,151,1
104,207,764
104,80,668
104,90,349
104,190,1
104,238,4
104,117,30
104,183,558
104,232,127
104,122,40
104,216,19
104,22,28
104,124,5
104,173,282
104,243,86
104,49,75
104,154,127
104,201,17
104,51,625
104,129,104
104,143,177
104,174,12
104,40,17
104,195,206
104,99,138
104,20,141
104,197,67
104,136,3
104,157,90
104,239,1
104,41,1
104,14,1
104,52,1
104,200,394
104,128,88
104,18,1
104,43,4
104,159,6
104,105,122
104,163,211
104,153,160
104,208,1
104,100,1
104,237,11
104,194,4
104,220,152
104,36,5
104,240,1
104,167,1
104,140,3
104,97,2
104,82,216
104,138,1
104,2,1
104,221,33
104,1,1
104,170,1
104,77,55
104,142,4
104,119,1
104,113,6
104,72,9
104,86,84
104,224,29
104,95,145
104,233,7
104,107,2
104,8,27
104,123,24
104,50,1
104,230,95
104,185,4
104,65,5
104,69,2
104,158,4
104,114,1
104,31,17
104,91,12
104,66,7
104,26,25
104,17,1
104,84,1
104,116,12
104,5,2
104,70,12
104,48,38
104,166,16
104,210,11
104,182,7
104,244,1
104,125,138
104,235,6
104,83,21
104,55,21
104,168,2
104,79,7
104,160,58
104,204,21
104,171,14
104,223,5
104,76,2
104,150,41
104,130,10
104,10,1
104,46,48
104,88,1
104,12,1
104,73,6
104,81,2
104,74,1
104,23,24
104,120,2
104,196,26
104,179,5
104,135,1
104,176,9
104,241,16
104,75,108
104,202,11
104,92,1
104,156,3
104,57,1
217,89,1
217,206,42
217,161,7
217,64,8
217,103,2
217,207,29
217,80,606
217,90,6
217,122,7
217,124,3
217,243,2
217,51,81
217,129,3
217,20,3
217,197,2
217,128,3
217,163,1
217,77,6
217,113,5
217,72,4
217,202,9
217,235,530
217,143,8
217,158,4
217,195,8
217,192,3
217,216,1
217,220,10
217,44,1
217,117,8
217,36,3
217,99,11
217,26,1
217,5,1
217,183,42
217,38,1
217,166,2
217,232,19
217,200,11
217,125,20
217,212,1
217,8,5
217,83,3
217,55,1
217,132,3
217,82,3
217,160,3
217,173,14
217,201,1
217,153,9
217,130,6
217,154,1
217,187,1
217,31,1
217,188,12
217,236,1
217,73,1
217,176,1
217,241,5
217,180,1
217,95,3
217,75,1
217,194,2
232,106,1
232,89,1
232,206,1
232,69,1
232,98,1
232,117,89
232,183,98
232,130,1
232,220,1
232,132,1
232,173,1
232,129,2
232,216,5
232,174,6
232,44,2
232,215,19
232,66,1
232,161,19
232,99,19
232,26,1
232,138,1
232,157,3
232,71,10
232,64,3
232,125,56
232,212,1
232,83,51
232,204,4
232,153,1
232,154,2
232,31,22
232,12,1
232,105,1
232,152,4
232,241,24
232,194,2
232,202,1
24,139,2
24,16,1
24,7,10
24,138,1
24,116,6
24,5,5
24,65,1
24,232,1
51,215,1
51,89,1
51,44,1
51,133,1
51,166,1
51,206,1
51,212,1
51,203,1
51,71,1
51,188,1
51,180,1
51,187,1
51,98,1
51,161,3
51,222,1
51,38,1
51,235,1
51,231,1
51,132,1
51,218,1
51,158,1
51,76,1
51,120,1
51,64,5
51,101,1
51,17,1
51,152,1
51,139,1
51,23,1
51,103,3
51,74,1
51,16,1
51,8,1
51,59,1
51,207,123
51,80,7
51,90,54
51,117,1
51,183,1
51,232,1
51,122,15
51,243,1
51,20,3
51,197,2
51,128,1
51,77,27
51,113,3
51,72,3
51,95,1
51,125,1
51,230,2
51,163,1
51,173,1
51,154,1
179,84,1
179,16,1
179,5,5
179,26,1
179,183,6
179,191,1
179,203,4
179,187,1
190,106,44
190,215,13
190,65,2
190,89,3
190,44,12
190,193,5
190,133,1
190,166,1
190,206,23
190,212,194
190,203,7
190,71,2
190,188,2
190,180,7
190,187,2
190,98,2
190,161,5
190,222,22
190,38,21
190,235,1
190,231,2
190,132,2
190,218,1
190,76,2
190,120,2
190,64,42
190,101,2
190,17,2
190,152,3
190,139,2
190,23,2
190,103,3
190,74,4
190,16,10
190,8,2
190,59,2
190,151,5
190,207,3
190,80,15
190,66,23
190,90,1
190,242,6
190,238,227
190,117,6
190,183,21
190,232,25
190,122,7
190,216,219
190,124,3
190,173,6
190,243,129
190,49,114
190,154,1
190,51,2
190,129,4
190,26,51
190,174,71
190,40,32
190,99,8
190,136,23
190,157,6
190,239,3
190,41,28
190,91,33
190,14,10
190,52,10
190,57,70
190,128,4
190,84,1
190,47,2
190,43,5
190,116,1
190,24,1
190,163,3
190,70,1
190,153,2
190,73,1
190,237,62
190,194,1
190,220,2
190,36,2
190,240,5
190,167,4
190,140,2
190,97,2
190,82,17
190,138,5
190,2,2
190,221,11
190,1,1
190,170,5
190,77,5
190,142,6
190,119,5
190,126,6
190,113,1
190,72,2
190,202,2
190,244,1
190,92,1
190,204,1
190,241,1
190,111,2
190,233,2
190,93,7
190,107,2
190,156,4
190,21,1
190,50,1
190,37,1
190,96,1
190,179,1
190,108,1
190,186,1
190,155,22
190,147,33
190,184,1
190,7,2
190,48,13
190,210,3
190,200,1
190,125,12
190,114,1
190,83,4
190,79,1
190,201,1
190,171,15
190,223,5
190,31,3
190,46,265
190,100,1
190,196,1
190,121,1
132,106,1
132,201,4
132,200,84
132,82,29
132,113,3
132,176,1
132,158,1
132,71,1
132,192,2
132,174,1
132,117,1
132,99,3
132,221,1
132,5,1
132,183,10
132,166,4
132,232,13
132,64,13
132,125,11
132,212,4
132,206,17
132,8,6
132,224,5
132,83,1
132,129,22
132,86,1
132,173,2
132,171,1
132,153,1
132,187,1
132,31,3
132,188,1
132,236,5
132,75,2
188,106,1
188,215,3
188,89,4
188,44,8
188,166,2
188,206,73
188,212,165
188,71,27
188,180,3
188,187,1
188,98,3
188,161,3
188,222,2
188,38,2
188,231,2
188,132,2
188,218,1
188,158,3
188,76,2
188,120,2
188,64,17
188,101,2
188,17,1
188,152,1
188,207,6
188,117,1
188,183,13
188,232,72
188,216,2
188,22,2
188,192,10
188,199,1
188,201,2
188,51,2
188,20,2
188,174,2
188,66,1
188,48,1
188,157,1
188,125,2
188,91,1
188,133,2
188,8,6
188,83,2
188,129,11
188,173,4
188,124,1
188,113,1
164,106,1
164,215,5
164,65,4
164,89,4
164,44,123
164,193,1
164,133,2
164,166,4
164,206,4
164,212,197
164,203,5
164,71,4
164,188,4
164,180,5
164,187,5
164,98,4
164,161,3
164,222,35
164,38,1
164,235,4
164,231,4
164,132,4
164,218,1
164,76,4
164,120,4
164,64,52
164,101,4
164,17,4
164,152,4
164,139,4
164,23,4
164,103,6
164,74,4
164,16,4
164,8,4
164,59,4
164,151,1
164,207,14
164,80,51
164,66,3
164,90,4
164,242,2
164,238,1
164,190,1
164,117,1
164,183,4
164,232,4
164,122,7
164,216,1
164,173,2
164,243,2
164,51,11
164,129,1
164,26,52
164,174,4
164,40,6
164,195,5
164,99,4
164,136,3
164,157,266
164,239,1
164,41,2
164,91,2
164,14,1
164,52,1
164,128,15
164,43,1
164,163,3
164,153,24
164,220,4
164,36,1
164,240,1
164,167,1
164,140,1
164,97,1
164,82,3
164,138,1
164,2,1
164,221,1
164,1,1
164,170,1
164,77,4
164,142,1
164,119,1
164,126,1
164,113,2
164,72,2
164,202,4
164,92,1
164,204,4
164,241,1
164,50,1
164,70,1
164,210,18
164,200,1
164,107,1
164,230,45
164,83,1
164,171,10
164,223,1
164,46,51
164,73,2
200,215,4
200,89,32
200,44,1
200,133,1
200,166,6
200,206,32
200,212,1
200,71,3
200,188,32
200,187,1
200,98,32
200,161,3
200,222,32
200,231,32
200,132,156
200,64,45
200,152,32
200,207,2
200,80,4
200,90,3
200,117,2
200,183,19
200,232,6
200,216,7
200,22,32
200,173,3
200,201,1
200,51,2
200,129,70
200,197,2
200,82,297
200,113,5
200,106,1
200,139,1
200,143,6
200,105,118
200,69,118
200,158,1
200,195,3
200,192,1
200,220,5
200,95,5
200,20,118
200,154,7
200,66,2
200,36,1
200,99,26
200,221,33
200,48,2
200,125,87
200,235,1
200,8,1
200,224,2
200,49,4
200,230,4
200,114,1
200,83,1
200,55,6
200,163,3
200,86,6
200,204,8
200,153,1
200,130,1
200,31,8
200,73,1
200,52,2
200,23,1
200,196,1
200,176,2
200,241,1
200,75,2
48,232,1
48,49,22
48,237,29
48,216,1
48,174,1
48,221,1
48,183,1
48,64,1
48,143,1
48,206,1
48,187,1
48,31,1
48,207,1
48,152,1
48,101,1
99,128,8
99,194,5
99,241,6
99,183,113
99,44,1
99,215,1
99,117,2
99,161,3
99,221,2
99,48,1
99,157,1
99,232,109
99,71,3
99,64,1
99,125,18
99,143,1
99,8,1
99,49,1
99,55,1
99,129,3
99,82,1
99,204,2
99,76,1
99,154,6
99,31,11
99,195,1
99,135,1
99,202,3
151,106,11
151,174,9
151,136,3
72,129,2
223,106,22
223,215,20
223,44,39
223,193,2
223,206,7
223,203,2
223,180,2
223,187,2
223,161,2
223,222,1
223,38,1
223,218,2
223,151,2
223,117,2
223,183,14
223,232,3
223,216,52
223,243,2
223,129,2
223,174,32
223,40,8
223,136,2
223,157,11
223,239,4
223,41,1
223,14,1
223,52,6
223,43,3
223,36,2
223,240,2
223,167,2
223,140,1
223,97,2
223,82,2
223,138,2
223,2,2
223,221,63
223,1,2
223,170,2
223,77,2
223,142,6
223,119,2
223,16,4
223,66,7
223,99,1
223,7,1
223,112,3
223,210,11
223,244,1
223,64,5
223,125,2
223,212,5
223,133,3
223,51,2
223,132,1
223,79,1
223,86,1
223,128,2
223,80,1
223,238,1
223,154,1
223,46,90
223,207,1
223,74,3
58,215,4
58,89,1
58,44,8
58,166,1
58,206,32
58,212,41
58,71,3
58,188,4
58,180,1
58,187,8
58,98,1
58,161,5
58,222,1
58,38,46
58,231,1
58,132,2
58,218,1
58,158,1
58,76,14
58,120,8
58,64,10
58,101,1
58,17,3
58,152,1
58,139,1
58,23,1
58,103,1
58,74,1
58,117,12
58,183,10
58,232,18
58,216,2
58,22,1
58,173,1
58,131,1
58,50,1
58,174,4
58,99,1
58,26,1
58,221,3
58,16,1
58,155,12
58,116,4
58,157,2
58,182,1
58,125,8
58,235,3
58,83,2
58,51,3
58,55,1
58,129,15
58,150,1
58,130,29
58,154,20
58,124,1
58,243,2
58,207,2
58,195,2
58,52,8
58,75,1
22,65,1
22,138,1
22,5,1
22,17,1
22,7,1
22,139,1
22,179,1
243,106,12
243,215,5
243,44,9
243,193,1
243,206,2
243,203,1
243,180,1
243,187,1
243,161,10
243,222,3
243,38,1
243,218,1
243,151,1
243,242,1
243,238,8
243,190,1
243,117,1
243,183,7
243,232,2
243,122,1
243,216,50
243,51,1
243,129,1
243,174,2
243,40,11
243,136,1
243,157,4
243,239,7
243,41,38
243,14,2
243,52,1
243,43,2
243,36,1
243,240,1
243,167,1
243,140,4
243,97,2
243,82,6
243,138,1
243,2,1
243,221,2
243,1,1
243,170,1
243,77,1
243,142,1
243,119,1
243,126,1
243,107,1
243,91,2
243,66,7
243,26,1
243,7,1
243,116,1
243,70,3
243,210,2
243,200,7
243,8,9
243,224,1
243,79,2
243,80,5
243,130,1
243,31,1
243,46,69
243,162,1
237,64,1
237,90,1
237,232,1
237,49,8
237,154,1
237,73,1
237,48,1133
237,183,1
237,143,1
237,152,1
124,106,28
124,215,23
124,89,11
124,44,7
124,193,1
124,133,2
124,166,8
124,206,254
124,212,582
124,69,2
124,203,3
124,71,6
124,188,2
124,180,9
124,187,30
124,98,11
124,161,88
124,222,7
124,38,20
124,235,41
124,231,4
124,132,44
124,218,1
124,158,17
124,76,5
124,120,5
124,64,256
124,101,4
124,17,2
124,152,9
124,139,4
124,23,2
124,103,2
124,74,2
124,16,2
124,8,138
124,59,2
124,151,1
124,207,52
124,80,84
124,66,5
124,184,2
124,117,59
124,183,558
124,232,472
124,122,1
124,216,7
124,22,2
124,192,7
124,173,59
124,191,1
124,199,4
124,143,50
124,157,14
124,200,76
124,128,6
124,178,2
124,189,5
124,29,1
124,237,15
124,194,4
124,131,4
124,99,233
124,50,2
124,91,23
124,31,77
124,86,6
124,65,6
124,5,5
124,138,1
124,7,1
124,90,18
124,51,64
124,72,1
124,26,658
124,77,9
124,130,33
124,174,1
124,239,1
124,40,1
124,220,60
124,41,1
124,221,31
124,155,1
124,116,3
124,70,1
124,48,110
124,47,2
124,112,1
124,125,376
124,224,2
124,49,6
124,230,16
124,83,31
124,55,41
124,129,185
124,82,139
124,79,34
124,160,32
124,163,27
124,197,278
124,201,2
124,204,43
124,171,2
124,153,35
124,150,1
124,154,89
124,186,6
124,243,1
124,219,1
124,73,6
124,105,2
124,162,2
124,195,6
124,52,11
124,147,1
124,196,1
124,179,2
124,135,1
124,176,8
124,241,55
124,95,1
124,75,9
124,202,29
124,92,2
124,185,1
94,237,7
94,48,5
94,103,11
94,82,1
94,233,1
94,220,4
94,161,1
94,99,3
94,26,2
94,183,7
94,157,2
94,232,2
94,200,1
94,71,2
94,64,1
94,125,8
94,206,3
94,49,41
94,163,1
94,204,3
94,188,1
94,73,1
94,207,1
94,74,3
94,176,1
94,241,2
94,95,1
94,202,1
193,106,16
193,215,102
193,65,6
193,89,4
193,44,41
193,133,316
193,166,4
193,206,22
193,212,375
193,69,1
193,203,9
193,71,8
193,188,1
193,180,2
193,187,1
193,98,1
193,161,18
193,222,50
193,38,2
193,235,1
193,231,3
193,132,2
193,218,2
193,158,1
193,76,3
193,120,3
193,64,10
193,101,5
193,17,3
193,152,2
193,139,3
193,23,3
193,103,1
193,74,2
193,16,3
193,8,8
193,59,3
193,151,3
193,207,4
193,80,4
193,66,34
193,184,3
193,242,2
193,238,32
193,190,1
193,117,23
193,183,36
193,232,106
193,122,2
193,216,67
193,173,2
193,243,5
193,51,13
193,129,9
193,143,46
193,26,52
193,174,37
193,40,12
193,99,11
193,136,7
193,157,6
193,239,12
193,41,3
193,91,11
193,14,3
193,52,10
193,57,5
193,84,1
193,43,6
193,163,1
193,153,2
193,100,2
193,220,4
193,36,4
193,240,2
193,167,2
193,140,4
193,97,1
193,82,58
193,138,4
193,2,2
193,221,89
193,1,2
193,170,2
193,77,3
193,142,6
193,119,2
193,126,1
193,202,2
193,244,18
193,92,3
193,204,3
193,241,1
193,179,6
193,210,5
193,195,1
193,25,2
193,107,4
193,118,5
193,90,3
193,113,1
193,114,1
193,230,1
193,185,1
193,194,1
193,31,1
193,49,18
193,155,56
193,7,2
193,116,4
193,70,3
193,48,35
193,47,6
193,112,1
193,200,34
193,182,124
193,125,7
193,83,5
193,197,1
193,171,1
193,223,2
193,154,3
193,10,3
193,172,42
193,124,2
193,35,1
193,237,1
193,46,99
193,88,1
193,12,1
193,196,21
193,135,1
193,156,2
25,106,18
25,215,23
25,89,2
25,44,4
25,166,2
25,206,4
25,212,26
25,71,2
25,188,1
25,180,3
25,187,2
25,98,2
25,161,4
25,222,1
25,38,64
25,231,2
25,132,2
25,218,1
25,158,2
25,76,2
25,120,2
25,64,56
25,101,2
25,17,44
25,152,2
25,139,800
25,23,2
25,74,2
25,207,26
25,80,41
25,90,11
25,117,2
25,183,13
25,232,6
25,122,9
25,216,32
25,22,3
25,199,1
25,51,1
25,129,3
25,20,8
25,197,7
25,136,54
25,84,32
25,47,10
25,159,6
25,16,127
25,65,18
25,5,96
25,143,7
25,195,7
25,192,1
25,0,4
25,7,233
25,118,18
25,168,1
25,191,2
25,9,1
25,174,17
25,239,5
25,40,1
25,69,2
25,36,2
25,26,17
25,140,6
25,221,4
25,155,54
25,138,12
25,116,158
25,70,33
25,2,6
25,48,1
25,203,12
25,24,29
25,244,1
25,43,1
25,125,3
25,91,7
25,133,2
25,8,2
25,224,72
25,79,1
25,154,8
25,243,1
25,100,1
25,142,6
25,52,1
25,131,1
25,179,2
25,135,1
25,151,1
195,103,2
195,207,4
195,80,2
195,90,19
195,122,2
195,243,1
195,200,1
195,128,2
195,113,5
195,72,2
195,129,20
195,158,1
195,230,141
195,216,2
195,220,11
195,215,2
195,117,6
195,99,32
195,26,2
195,221,5
195,183,39
195,157,1
195,232,42
195,64,53
195,125,35
195,212,3
195,143,16
195,206,10
195,8,1
195,224,1
195,83,3
195,51,10
195,55,3
195,132,1
195,79,2
195,86,4
195,173,2
195,197,3
195,204,6
195,153,9
195,76,11
195,130,2
195,154,30
195,187,1
195,31,2
195,152,2
195,131,5
195,23,2
195,120,1
195,196,2
195,176,2
195,185,14
129,212,1
129,71,12
129,64,19
129,207,7
129,80,3
129,183,147
129,201,2
129,51,3
129,195,6
129,200,7
129,194,5
129,82,16
129,113,2
129,72,1
129,204,29
129,55,25
129,176,21
129,114,2
129,232,51
129,8,1
129,143,9
129,105,1
129,117,4
129,69,1
129,158,3
129,206,11
129,99,40
129,90,2
129,230,6
129,185,1
129,31,11
129,216,3
129,174,3
129,106,2
129,220,4
129,44,1
129,215,8
129,161,4
129,221,1
129,166,3
129,125,338
129,91,1
129,132,1
129,197,2
129,153,1
129,76,2
129,154,1
129,73,1
129,152,4
129,23,5
129,196,21
129,241,1
129,103,1
41,106,22
41,215,10
41,89,2
41,44,1
41,193,1
41,206,1
41,203,1
41,180,1
41,187,1
41,161,3
41,222,9
41,38,1
41,218,1
41,151,1
41,242,1
41,238,1
41,190,1
41,117,1
41,183,1
41,232,1
41,122,1
41,216,50
41,243,1
41,51,1
41,129,1
41,174,103
41,40,52
41,136,13
41,157,1
41,239,1
41,14,1
41,52,1
41,43,1
41,36,1
41,240,1
41,167,1
41,140,1
41,97,1
41,82,1
41,138,1
41,2,1
41,221,1
41,1,1
41,170,1
41,77,1
41,142,1
41,119,1
41,126,1
41,66,11
41,7,1
41,244,2
41,91,1
41,79,1
41,46,51
41,93,6
41,156,3
166,233,1
73,82,24
73,99,9
73,26,1
73,183,19
73,232,37
73,200,4
73,43,1
73,64,4
73,125,5
73,206,35
73,230,1
73,129,8
73,173,3
73,201,2
73,154,2
73,31,15
73,241,2
211,166,93
211,101,2
211,16,6
211,139,11
211,138,255
211,158,1
211,84,1
211,22,1
211,49,16
211,26,11
211,92,29
211,216,1
211,174,2
211,106,1
211,220,1
211,215,9
211,161,3
211,36,1
211,17,1
211,221,2
211,7,3
211,116,8
211,5,18
211,65,4
211,183,7
211,48,25
211,136,3
211,38,41
211,232,4
211,47,3
211,71,2
211,64,3
211,118,1
211,206,10
211,8,3
211,83,3
211,51,3
211,129,7
211,163,1
211,173,1
211,204,1
211,154,3
211,10,1
211,59,1
211,188,1
211,100,1
211,152,1
211,18,1
211,179,3
211,135,1
211,233,1
157,106,1
157,215,2
157,65,1
157,89,8
157,44,174
157,193,1
157,133,45
157,166,2
157,206,4
157,212,1
157,69,1
157,203,2
157,71,4
157,188,2
157,180,2
157,187,2
157,98,2
157,161,3
157,222,54
157,38,1
157,235,2
157,231,2
157,132,2
157,218,2
157,158,1
157,76,2
157,120,2
157,64,2
157,101,2
157,17,2
157,152,2
157,139,2
157,23,2
157,103,2
157,74,2
157,16,2
157,8,2
157,59,2
157,151,1
157,207,2
157,80,2
157,66,7
157,183,3
157,232,24
157,122,1
157,216,13
157,173,1
157,26,1
157,40,1
157,99,4
157,136,1
157,239,13
157,41,1
157,91,1
157,128,12
157,163,1
157,153,1
157,220,1
157,82,1
157,202,1
157,92,1
157,204,1
157,241,1
157,174,15
157,117,2
157,221,2
157,112,15
157,210,41
157,43,6
206,215,2
206,89,1
206,44,1
206,166,2
206,212,8
206,71,2
206,188,5
206,180,1
206,187,1
206,98,1
206,161,3
206,222,5
206,64,8
206,8,7
206,207,3
206,90,2
206,117,1
206,183,90
206,232,26
206,216,1
206,173,145
206,199,1
206,154,16
206,15,2
206,12,8
206,201,4
206,129,5
206,18,1
206,99,4
206,26,1
206,125,4
206,83,1
206,51,2
206,55,1
206,204,5
206,72,2
206,73,1
206,241,2
206,194,1
206,92,1
79,215,71
79,89,2
79,44,8
79,166,2
79,206,4
79,212,43
79,71,3
79,188,1
79,180,1
79,187,5
79,98,2
79,161,41
79,222,3
79,38,2
79,231,1
79,132,100
79,218,1
79,158,1
79,76,1
79,120,2
79,64,9
79,101,1
79,17,1
79,152,3
79,117,3
79,183,74
79,232,61
79,216,35
79,22,1
79,192,4
79,124,3
79,174,96
79,235,4
79,139,1
79,129,7
79,66,1
79,239,2
79,40,21
79,106,6
79,220,4
79,69,4
79,41,13
79,99,9
79,26,205
79,140,11
79,221,6
79,116,8
79,65,1
79,70,3
79,48,3
79,136,3
79,157,1
79,47,1
79,200,11
79,244,1
79,43,2
79,125,13
79,91,3
79,8,6
79,83,4
79,51,2
79,55,1
79,82,15
79,173,2
79,204,2
79,80,2
79,153,4
79,130,4
79,46,3
79,243,1
79,59,8
79,88,1
79,208,3
79,207,8
79,105,1
79,23,1
79,241,5
79,75,1
79,202,1
83,183,48
83,239,2
83,232,38
83,132,24
83,241,8
83,220,11
83,204,12
83,138,4
83,174,11
83,117,2
83,173,9
83,64,10
83,129,29
83,187,13
83,99,7
83,212,2
83,215,3
83,161,13
83,207,4
83,106,6
83,98,6
83,17,5
83,140,5
83,107,1
83,222,2
83,38,4
83,40,3
83,166,7
83,216,2
83,90,1
83,47,1
83,139,1
83,158,2
83,41,1
83,66,1
83,84,1
83,116,5
83,65,1
83,157,1
83,125,16
83,206,1
83,8,1
83,59,1
83,18,1
83,176,1
83,92,2
133,106,5
133,215,9
133,89,6
133,44,41
133,193,1
133,166,3
133,206,1
133,212,63
133,69,1
133,203,2
133,71,4
133,188,4
133,180,4
133,187,4
133,98,1
133,161,2
133,222,5
133,38,3
133,235,3
133,231,3
133,132,1
133,218,3
133,158,3
133,76,3
133,120,3
133,64,9
133,101,4
133,17,3
133,152,3
133,139,3
133,23,3
133,103,3
133,74,3
133,16,3
133,8,2
133,59,3
133,151,1
133,207,3
133,80,1
133,66,4
133,117,3
133,183,3
133,232,17
133,122,2
133,216,4
133,199,1
133,51,1
133,20,1
133,210,3
133,174,11
133,239,1
133,221,2
133,136,3
133,157,6
133,200,1
133,43,3
133,125,1
133,143,3
133,91,1
133,107,1
133,172,3
133,124,1
173,215,2
173,206,282
173,212,2
173,71,5
173,161,1
173,64,9
173,207,5
173,90,7
173,183,26
173,232,2
173,154,2
173,12,2
173,51,3
173,166,9
173,125,1
173,8,1
173,55,1
173,204,3
229,84,66
229,118,120
229,168,14
229,16,40
229,139,2
229,5,4
229,22,1
229,179,3
229,90,2
229,51,12
229,207,2
229,77,2
229,216,2
229,222,1
229,106,1
229,41,1
229,215,1
229,117,1
229,161,1
229,99,1
229,26,12
229,140,1
229,221,7
229,7,4
229,138,6
229,116,25
229,65,2
229,183,9
229,136,38
229,38,17
229,157,1
229,203,7
229,232,3
229,47,1
229,24,1
229,64,1
229,125,2
229,212,4
229,91,1
229,206,1
229,8,1
229,83,4
229,163,3
229,173,1
229,128,1
229,80,1
229,123,1
229,241,1
229,93,4
229,92,2
84,38,30
84,139,34
84,16,92
84,5,38
84,80,2
84,118,2
84,65,1
84,7,6
84,203,1
84,174,1
84,26,1
84,138,1
84,166,2
84,8,1
84,168,2
84,92,6
65,16,7
65,139,50
65,5,15
65,138,2
65,84,1
65,7,7
65,118,1
65,92,1
65,38,1
65,24,1
35,84,2
35,16,1
35,116,1
35,118,2
35,173,1
204,129,28
204,158,1
204,71,4
204,220,7
204,99,1
204,230,9
204,161,2
204,26,2
204,183,18
204,38,7
204,166,5
204,157,1
204,232,7
204,200,1
204,64,1
204,125,46
204,212,1
204,206,2
204,8,1
204,224,1
204,55,2
204,132,1
204,173,2
204,128,1
204,153,1
204,76,12
204,154,1
204,124,1
204,187,1
204,31,21
204,98,1
204,236,1
204,23,1
204,103,5
204,202,1
106,222,11
106,151,13
106,22,1
106,41,11
106,91,7
106,244,1
106,216,43
106,156,1
106,174,97
106,40,1
106,215,6
106,117,1
106,161,19
106,221,1
106,70,1
106,136,2
106,166,1
106,157,2
106,47,2
106,182,1
106,71,2
106,107,3
106,240,1
106,154,1
221,216,1
221,215,290
221,52,375
71,174,1
71,106,1
71,117,5
71,183,5
71,232,24
71,206,1
71,129,1
71,173,3
137,215,23
137,65,21
137,89,4
137,44,9
137,133,4
137,166,1
137,206,36
137,212,543
137,203,5
137,71,2
137,188,1
137,180,4
137,187,3
137,98,4
137,161,16
137,222,1
137,38,13
137,235,4
137,231,4
137,132,23
137,218,1
137,158,1
137,76,4
137,120,4
137,64,369
137,101,4
137,17,26
137,152,4
137,139,6
137,23,4
137,103,2
137,74,1
137,16,13
137,8,8
137,59,1
137,207,20
137,80,526
137,66,2
137,90,19
137,184,5
137,183,103
137,232,17
137,122,7
137,216,4
137,173,15
137,243,2
137,49,39
137,154,1
137,51,60
137,129,23
137,26,5193
137,40,10
137,99,19
137,20,2
137,197,5
137,136,3
137,41,4
137,91,13
137,200,117
137,128,6
137,163,46
137,153,2
137,237,42
137,220,2
137,82,73
137,113,5
137,72,9
137,202,1
137,92,3
137,174,6
137,204,5
137,241,5
137,95,1
137,79,213
137,22,1
137,138,2
137,5,2
137,7,3
137,143,1
137,195,42
137,192,2
137,118,1
137,77,8
137,106,3
137,69,1
137,36,4
137,140,2
137,221,8
137,116,5
137,70,2
137,2,2
137,48,17
137,97,1
137,157,4
137,125,11
137,107,6
137,230,1
137,114,1
137,83,4
137,55,2
137,160,2
137,1,1
137,124,4
137,35,1
137,31,6
137,73,1
137,196,1
137,179,21
137,135,1
137,176,1
137,57,1
226,106,117
226,161,32
226,38,14
226,64,4
226,17,16
226,207,3
226,80,168
226,90,5
226,122,1
226,243,2
226,199,1
226,51,1
226,129,2
226,26,61
226,174,89
226,20,1
226,197,1
226,52,12
226,163,1
226,73,1
226,36,113
226,113,1
226,43,4
226,16,5
226,139,5
226,143,8
226,195,8
226,192,2
226,222,11
226,25,1
226,107,4
226,118,1
226,66,2
226,216,63
226,239,6
226,40,61
226,41,25
226,44,2
226,215,18
226,99,1
226,140,26
226,221,51
226,155,7
226,116,1
226,5,1
226,70,7934
226,183,14
226,48,5
226,136,6
226,191,1
226,157,5
226,232,2
226,200,1
226,244,8
226,125,1
226,212,3
226,91,269
226,133,2
226,206,5
226,49,6
226,83,1
226,132,2
226,82,4
226,79,17
226,240,2
226,204,1
226,223,2
226,187,1
226,72,1
226,46,1
226,59,3
226,100,1
226,142,6
226,120,1
226,151,1
226,92,4
238,106,10
238,215,2
238,89,1
238,44,1
238,161,1
238,222,9
238,66,6
238,117,2
238,232,4
238,216,89
238,243,1
238,40,7
238,41,8
238,14,2
238,52,2
238,57,1
238,190,1
238,174,7
238,221,1
238,136,8
238,244,1
238,91,2
238,147,2
238,156,1
140,184,1
140,174,75
140,139,1
140,216,3
140,239,2
140,222,2
140,40,9
140,106,3
140,44,10
140,215,19
140,36,3
140,99,4
140,26,1
140,17,1
140,138,2
140,116,2
140,70,2
140,183,5
140,232,35
140,43,1
140,64,1
140,212,1
140,143,1
140,91,4
140,132,1
140,79,3
61,106,5
61,215,2
61,65,2
61,89,4
61,44,10
61,193,4
61,133,3
61,166,3
61,206,6
61,212,200
61,203,6
61,71,3
61,188,3
61,180,6
61,187,1
61,98,3
61,161,3
61,222,3
61,38,4
61,235,3
61,231,3
61,132,3
61,218,1
61,158,1
61,76,3
61,120,3
61,64,5
61,101,3
61,17,3
61,152,3
61,139,3
61,23,3
61,103,3
61,74,3
61,16,3
61,8,3
61,59,3
61,151,3
61,207,7
61,80,2
61,66,4
61,242,2
61,238,32
61,190,2
61,117,3
61,183,17
61,232,10
61,122,4
61,216,29
61,173,1
61,243,4
61,51,12
61,129,2
61,26,56
61,174,17
61,40,12
61,99,3
61,136,2
61,157,7
61,239,3
61,41,6
61,91,4
61,14,2
61,52,5
61,57,18
61,43,4
61,163,2
61,153,2
61,220,2
61,36,17
61,240,3
61,167,3
61,140,9
61,97,2
61,82,10
61,138,3
61,2,2
61,221,6
61,1,3
61,170,3
61,77,6
61,142,6
61,119,3
61,126,2
61,202,2
61,92,1
61,204,2
61,241,2
61,128,5
61,223,1
61,210,1
61,90,1
61,116,6
61,112,1
61,49,1
61,171,1
61,46,147
61,73,1
61,113,1
61,156,2
70,106,132
70,222,14
70,38,14
70,17,15
70,216,76
70,243,3
70,49,5
70,199,2
70,26,56
70,174,115
70,40,76
70,239,9
70,41,27
70,36,109
70,244,13
70,186,1
70,43,4
70,16,5
70,139,5
70,192,2
70,25,1
70,107,3
70,118,1
70,66,8
70,44,3
70,215,25
70,161,24
70,140,26
70,221,56
70,116,1
70,183,11
70,136,7
70,191,1
70,157,4
70,232,1
70,200,1
70,182,3
70,64,3
70,125,1
70,212,3
70,91,285
70,133,2
70,206,1
70,132,2
70,82,4
70,79,16
70,240,2
70,80,5
70,223,2
70,46,1
70,59,3
70,73,1
70,142,6
70,52,13
70,151,1
70,92,4
55,80,13
55,128,13
55,158,2
55,192,10
55,204,25
55,176,307
55,220,12
55,41,1
55,44,2
55,215,3
55,117,4
55,66,1
55,161,5
55,99,54
55,26,2
55,221,1
55,116,1
55,183,102
55,48,1
55,38,2
55,166,1
55,232,15
55,71,4
55,64,16
55,125,188
55,212,3
55,143,2
55,91,9
55,206,9
55,235,1
55,8,28
55,224,1
55,49,2
55,230,1
55,51,8
55,129,24
55,160,2
55,86,4
55,173,6
55,197,3
55,201,1
55,153,39
55,76,2
55,150,1
55,130,1
55,154,1
55,31,20
55,72,12
55,90,2
55,207,4
55,23,3
55,196,4
55,135,2
55,241,3
55,95,2
55,233,1
150,200,11
150,232,39
150,174,1
150,106,1
150,69,1
150,117,3
150,99,12
150,26,7
150,221,1
150,183,24
150,48,4
150,64,4
150,125,9
150,212,1
150,143,3
150,133,1
150,206,3
150,235,1
150,8,2
150,230,1
150,129,8
150,132,3
150,173,2
150,204,1
150,80,3
150,130,1
150,154,6
150,31,1
150,237,1
150,98,1
150,188,1
150,90,15
150,207,1
150,195,1
150,241,1
150,75,6
150,194,1
172,106,2
172,215,3
172,89,1
172,44,14
172,193,1
172,133,9
172,166,1
172,206,1
172,212,4
172,69,1
172,203,1
172,71,1
172,188,1
172,180,1
172,187,1
172,98,1
172,161,1
172,222,2
172,38,1
172,235,1
172,231,1
172,132,1
172,218,1
172,158,1
172,76,1
172,120,1
172,64,1
172,101,1
172,17,1
172,152,1
172,139,1
172,23,1
172,103,1
172,74,1
172,16,1
172,8,2
172,59,1
172,151,1
172,207,1
172,80,1
172,66,1
172,210,1
172,216,1
172,174,2
172,239,1
172,157,1
172,232,11
172,200,1
172,125,1
172,143,1
172,107,1
4,215,13
4,89,7
4,216,1
4,18,3
4,12,10
4,6,36
4,174,15
4,206,1
4,15,4
4,183,1
4,79,1
32,106,122
32,215,17
32,89,2
32,44,4
32,193,2
32,206,2
32,203,2
32,180,2
32,187,2
32,161,8
32,222,3
32,38,8
32,218,2
32,151,114
32,66,2
32,242,1
32,238,32
32,190,1
32,117,2
32,183,17
32,232,12
32,122,1
32,216,8
32,243,4
32,51,1
32,129,4
32,174,56
32,40,9
32,136,63
32,157,3
32,239,1
32,41,3
32,14,3
32,52,2
32,57,1
32,200,91
32,84,16
32,47,18
32,43,6
32,159,9
32,36,1
32,240,12
32,167,2
32,140,6
32,97,1
32,82,89
32,138,2
32,2,2
32,221,24
32,1,1
32,170,2
32,77,2
32,142,2
32,119,2
32,126,1
32,118,25
32,21,20
32,16,4
32,139,6
32,192,1
32,92,1
32,99,1
32,26,46
32,17,1
32,7,11
32,116,11
32,5,2
32,65,6
32,70,4
32,244,1
32,64,2
32,212,1
32,91,21
32,107,3
32,83,1
32,132,1
32,154,2
32,46,190
32,207,1
32,179,7
32,121,7
32,103,1
32,156,1
78,106,31
78,215,50
78,89,29
78,44,22
78,133,4
78,166,19
78,206,136
78,212,160
78,203,6
78,71,102
78,188,7
78,180,2
78,187,23
78,98,1
78,161,47
78,222,9
78,38,7
78,235,6
78,231,21
78,132,22
78,218,14
78,158,22
78,76,2
78,120,1
78,64,160
78,101,2
78,17,1
78,152,7
78,139,14
78,23,4
78,103,1
78,74,5
78,16,15
78,8,20
78,59,2
78,207,17
78,80,17
78,90,4
78,242,1
78,190,1
78,238,12
78,117,96
78,183,378
78,232,578
78,122,2
78,216,51
78,22,19
78,124,3
78,173,32
78,199,3
78,154,147
78,201,5
78,51,21
78,129,168
78,20,24
78,130,147
78,195,52
78,99,86
78,197,33
78,91,13
78,200,299
78,178,2
78,189,2
78,163,182
78,208,12
78,171,23
78,194,5
78,220,47
78,82,238
78,131,24
78,86,295
78,224,778
78,241,12
78,50,2
78,230,88
78,65,1
78,128,1
78,105,14
78,69,2
78,243,74
78,192,2
78,95,23
78,77,1
78,145,37
78,174,34
78,239,6
78,40,3
78,66,2
78,36,1
78,26,6
78,140,3
78,221,21
78,155,2
78,7,1
78,116,4
78,5,1
78,70,2
78,48,21
78,157,10
78,47,2
78,210,3
78,182,5
78,43,9
78,125,237
78,143,5
78,118,3
78,49,22
78,83,24
78,55,4
78,168,1
78,79,7
78,160,38
78,204,23
78,223,3
78,153,53
78,150,1
78,10,11
78,31,8
78,72,2
78,237,1
78,100,2
78,236,45
78,146,1
78,73,1
78,113,2
78,147,1
78,196,1
78,179,1
78,135,27
78,176,4
78,75,5
78,202,2
78,198,4
143,150,1
227,106,7
227,215,2
227,89,1
227,44,43
227,193,5
227,133,1
227,166,1
227,206,166
227,212,1
227,203,5
227,71,2
227,188,1
227,180,6
227,187,6
227,98,1
227,161,10
227,222,2
227,38,1
227,218,5
227,64,160
227,17,2
227,152,1
227,103,2
227,74,1
227,8,1
227,151,5
227,207,49
227,80,97
227,90,11
227,242,4
227,238,7
227,190,4
227,117,1
227,183,15
227,232,4
227,122,7
227,216,33
227,124,1
227,173,68
227,243,780
227,199,1
227,154,1
227,201,19
227,51,61
227,129,4
227,174,55
227,40,24
227,136,7
227,157,20
227,239,5
227,41,14
227,14,5
227,52,5
227,57,2
227,200,45
227,128,4
227,84,1
227,47,2
227,43,1
227,116,4
227,24,1
227,70,10
227,194,1
227,36,4
227,240,1
227,167,4
227,140,6
227,97,1
227,82,71
227,138,5
227,2,5
227,221,3
227,1,5
227,170,5
227,77,13
227,142,6
227,119,5
227,126,1
227,113,2
227,72,7
227,244,1
227,111,2
227,233,1
227,93,2
227,107,2
227,156,1
227,21,2
227,50,1
227,37,1
227,96,1
227,179,1
227,108,1
227,186,1
227,155,29
227,139,24
227,143,9
227,195,9
227,91,1
227,220,1
227,66,6
227,99,7
227,26,6
227,7,2
227,210,1
227,125,7
227,118,1
227,224,1
227,230,6
227,83,1
227,55,1
227,79,5
227,160,2
227,163,4
227,86,2
227,204,1
227,171,1
227,153,2
227,46,325
227,73,1
227,131,1
227,241,3
227,121,2
227,202,7
38,215,33
38,65,25
38,16,97
38,191,7
38,84,6
38,139,13
38,136,4
38,47,12
38,161,5
38,166,1
38,36,1
38,174,1
38,106,6
38,44,6
38,26,1
38,17,9
38,7,2
38,138,1
38,116,4
38,5,3
38,183,3
38,97,1
38,157,2
38,232,2
38,64,1
38,212,1
38,118,2
38,187,1
38,12,1
38,207,1
109,106,2
109,215,2
109,65,2
109,89,3
109,44,141
109,193,2
109,133,3
109,166,3
109,206,7
109,212,196
109,203,5
109,71,3
109,188,3
109,180,5
109,187,5
109,98,3
109,161,6
109,222,5
109,38,1
109,235,3
109,231,3
109,132,3
109,218,1
109,158,1
109,76,3
109,120,3
109,64,18
109,101,3
109,17,3
109,152,3
109,139,2
109,23,3
109,103,3
109,74,3
109,16,1
109,8,3
109,59,3
109,151,2
109,207,4
109,80,5
109,66,7
109,147,1
109,242,2
109,190,5
109,238,4
109,117,2
109,183,9
109,232,14
109,122,4
109,216,7
109,173,3
109,243,2
109,51,13
109,129,2
109,26,49
109,174,12
109,40,2
109,99,5
109,136,2
109,157,88
109,239,3
109,41,3
109,91,27
109,14,2
109,52,2
109,128,20
109,43,2
109,163,1
109,153,1
109,220,2
109,36,2
109,240,1
109,167,2
109,140,2
109,97,1
109,82,8
109,138,2
109,2,2
109,221,8
109,1,1
109,170,2
109,77,4
109,142,2
109,119,2
109,126,2
109,202,2
109,92,1
109,204,2
109,241,1
109,210,22
109,90,6
109,155,1
109,7,1
109,116,5
109,112,3
109,200,5
109,125,2
109,230,3
109,83,6
109,223,1
109,154,1
109,124,1
109,46,102
109,123,2
109,37,2
225,106,30
225,215,10
225,65,1
225,89,8
225,44,10
225,193,1
225,133,1
225,166,1
225,206,290
225,212,85
225,203,2
225,71,8
225,188,2
225,180,2
225,187,9
225,98,2
225,161,27
225,222,2
225,38,4
225,235,5
225,231,8
225,132,1
225,218,2
225,76,1
225,120,1
225,64,85
225,101,1
225,17,1
225,152,8
225,139,1
225,23,2
225,103,5
225,74,1
225,16,1
225,8,18
225,59,1
225,151,1
225,207,19
225,80,4
225,66,1
225,90,79
225,117,23
225,183,209
225,232,62
225,122,1
225,216,1
225,22,7
225,124,21
225,173,131
225,243,1
225,154,295
225,51,29
225,129,25
225,26,17
225,174,3
225,40,1
225,195,5
225,99,152
225,197,81
225,136,2
225,157,11
225,239,1
225,41,2
225,91,9
225,14,1
225,52,1
225,200,154
225,128,35
225,43,1
225,163,109
225,153,123
225,194,27
225,220,27
225,36,6
225,240,1
225,167,1
225,140,2
225,97,1
225,82,184
225,138,1
225,2,1
225,221,10
225,1,1
225,170,1
225,77,3
225,142,13
225,119,1
225,113,1
225,72,4
225,202,21
225,86,239
225,224,8
225,244,1
225,92,1
225,204,16
225,241,16
225,233,4
225,160,132
225,185,1
225,105,23
225,69,23
225,230,27
225,95,1
225,20,23
225,176,4
225,116,5
225,70,1
225,48,1
225,125,72
225,143,1
225,118,1
225,107,1
225,49,2
225,83,8
225,55,12
225,79,1
225,201,5
225,31,4
225,46,45
225,236,1
225,73,5
225,0,1
225,131,4
225,123,19
225,196,3
225,135,4
225,126,21
8,89,1
8,44,2
8,166,1
8,206,199
8,71,3
8,188,25
8,180,1
8,187,14
8,98,1
8,161,2
8,222,1
8,158,3
8,76,4
8,120,10
8,64,76
8,101,1
8,207,7
8,117,20
8,183,106
8,232,181
8,216,1
8,192,2
8,51,2
8,20,1
8,128,6
8,65,3
8,5,3
8,143,10
8,220,11
8,72,1
8,174,4
8,106,1
8,215,26
8,99,61
8,26,2
8,221,2
8,70,1
8,48,2
8,38,1
8,157,2
8,200,5
8,125,87
8,212,14
8,235,5
8,224,2
8,49,2
8,230,1
8,83,8
8,55,5
8,129,57
8,132,11
8,82,27
8,79,1
8,160,2
8,163,13
8,86,1
8,173,21
8,197,1
8,201,2
8,204,10
8,153,22
8,150,1
8,130,11
8,154,5
8,124,1
8,31,2
8,236,1
8,90,6
8,105,1
8,152,1
8,74,1
8,195,2
8,147,1
8,23,2
8,123,1
8,135,1
8,176,3
8,241,1
8,95,1
235,215,4
235,188,10
235,117,10
235,124,2
235,202,8
235,158,4
235,192,3
235,174,1
235,220,10
235,99,7
235,183,18
235,166,1
235,232,13
235,200,11
235,71,1
235,64,2
235,125,12
235,206,18
235,8,5
235,51,1
235,55,1
235,129,3
235,132,3
235,82,3
235,173,12
235,197,2
235,201,1
235,153,12
235,130,7
235,154,1
235,31,1
235,72,4
235,236,5
235,176,1
235,241,1
235,194,2
183,215,1
183,89,2
183,206,98
183,69,1
183,161,1
183,64,15
183,103,6
183,207,1
183,90,1
183,117,2
183,232,60
183,173,13
183,154,33
183,201,1
183,143,6
183,99,89
183,194,5
183,220,1
183,131,1
183,26,2
183,204,8
183,241,5
183,50,2
183,158,1
183,174,10
183,48,1
183,166,4
183,71,5
183,125,47
183,212,1
183,8,8
183,224,1
183,49,1
183,230,7
183,83,1
183,55,3
183,129,93
183,160,9
183,153,2
183,76,1
183,130,6
183,31,18
183,98,1
183,12,2
183,152,1
183,195,1
183,23,2
183,176,4
183,202,6
100,74,5
100,99,2
100,26,1
100,183,1
100,232,3
100,200,1
100,125,2
100,212,3
100,206,3
100,83,1
100,55,1
100,129,1
100,132,6
100,82,1
100,194,1
88,206,2
141,106,25
141,215,6
141,89,9
141,44,11
141,166,8
141,206,48
141,212,20
141,69,28
141,203,1
141,71,4
141,188,1
141,180,1
141,187,9
141,98,8
141,161,2
141,222,1
141,38,8
141,231,8
141,132,564
141,218,1
141,158,2
141,76,1
141,120,4
141,64,35
141,101,2
141,17,1
141,152,8
141,139,2
141,23,1
141,74,7
141,66,1
141,242,1
141,117,15
141,183,69
141,232,68
141,216,3
141,22,8
141,243,1
141,191,2
141,201,55
141,129,35
141,40,3
141,136,1
141,41,1
141,91,2
141,14,1
141,52,2
141,57,1
141,200,326
141,208,2
141,171,9
141,194,2
141,220,26
141,82,200
141,113,3
141,131,1
141,135,98
141,176,1
141,16,2
141,65,2
141,5,3
141,105,2
141,192,1
141,90,1
141,51,9
141,80,13
141,207,3
141,95,22
141,20,22
141,77,1
141,174,3
141,239,3
141,99,15
141,26,10
141,140,3
141,221,4
141,116,1
141,70,1
141,48,4
141,157,4
141,47,1
141,210,7
141,43,2
141,125,37
141,133,1
141,235,10
141,8,29
141,224,39
141,49,2
141,230,1
141,83,8
141,55,2
141,79,82
141,160,4
141,86,2
141,173,9
141,128,2
141,197,3
141,204,3
141,238,32
141,153,32
141,150,82
141,130,17
141,154,10
141,10,3
141,31,5
141,103,2
141,75,191
141,202,2
161,106,1
161,174,1
161,215,1
161,232,1
241,215,5
241,65,1
241,89,1
241,44,1
241,133,1
241,166,1
241,206,1
241,212,57
241,203,1
241,71,2
241,188,1
241,180,1
241,187,1
241,98,1
241,161,3
241,222,1
241,38,1
241,235,1
241,231,1
241,132,1
241,218,1
241,76,1
241,120,1
241,101,1
241,17,1
241,152,1
241,139,1
241,23,1
241,103,4
241,74,1
241,16,1
241,8,1
241,59,1
241,66,1
241,183,24
241,232,31
241,216,2
241,173,1
241,26,6
241,40,1
241,99,8
241,136,1
241,41,1
241,91,1
241,153,1
241,220,1
241,202,1
241,244,1
241,92,1
241,204,3
241,174,1
241,106,1
241,64,1
241,125,13
241,83,1
241,129,3
241,154,1
241,31,3
241,90,1
241,207,1
241,194,2
175,106,38
175,215,26
175,89,1
175,44,27
175,193,3
175,206,18
175,203,3
175,180,3
175,187,3
175,161,24
175,222,2
175,38,3
175,218,3
175,64,8
175,103,1
175,151,3
175,207,11
175,80,611
175,66,9
175,90,6
175,190,6
175,242,4
175,238,34
175,117,6
175,183,6
175,232,8
175,122,9
175,216,31
175,173,1
175,243,2
175,154,11
175,51,40
175,129,7
175,174,39
175,40,4
175,20,4
175,197,4
175,136,11
175,157,9
175,239,12
175,41,1
175,14,4
175,52,5
175,57,1
175,128,4
175,47,7
175,43,627
175,116,7
175,163,38
175,73,1
175,36,7
175,240,1
175,167,3
175,140,1
175,97,28
175,82,4
175,138,3
175,2,3
175,221,23
175,1,3
175,170,3
175,77,8
175,142,3
175,119,3
175,126,2
175,113,6
175,72,2
175,131,1
175,111,1
175,233,1
175,93,1
175,107,2
175,21,1
175,139,1
175,143,8
175,158,1
175,195,8
175,210,3
175,220,2
175,99,3
175,26,1
175,17,1
175,5,1
175,200,9
175,244,4
175,125,8
175,212,2
175,118,1
175,91,10
175,133,5
175,83,6
175,55,1
175,160,1
175,204,1
175,171,1
175,153,1
175,46,208
175,74,3
175,123,1
175,179,1
175,241,2
175,121,4
34,215,4
34,89,2
34,44,10
34,166,3
34,206,2
34,212,13
34,69,1
34,71,2
34,188,2
34,180,1
34,187,2
34,98,1
34,161,2
34,222,6
34,38,22
34,231,1
34,132,2
34,218,1
34,158,1
34,76,1
34,120,1
34,64,4
34,101,1
34,17,1
34,152,1
34,139,1
34,23,1
34,16,18
34,80,116
34,242,1
34,117,14
34,183,9
34,232,35
34,216,10
34,22,1
34,208,2
34,171,760
34,82,4
34,178,1
34,5,3
34,90,2
34,51,9
34,207,3
34,203,4
34,77,1
34,174,5
34,239,2
34,40,2
34,106,2
34,220,3
34,66,4
34,99,6
34,26,4
34,221,9
34,48,2
34,157,1
34,47,2
34,24,2
34,210,2
34,200,5
34,43,2
34,125,2
34,91,1
34,133,2
34,235,1
34,8,3
34,224,4
34,49,1
34,83,2
34,55,1
34,129,3
34,160,12
34,163,4
34,128,1
34,201,1
34,204,2
34,238,7
34,223,1
34,153,2
34,130,6
34,154,4
34,10,11
34,124,1
34,46,1
34,74,3
34,195,1
34,179,1
34,135,15
236,215,49
236,232,173
236,216,23
236,138,1
236,173,1
236,106,1
236,158,18
236,174,7
236,220,83
236,117,34
236,161,5
236,99,4
236,26,1
236,116,1
236,183,38
236,166,3
236,200,20
236,71,23
236,64,1
236,125,30
236,212,3
236,206,3
236,8,1
236,224,1
236,83,18
236,129,3
236,132,96
236,82,19
236,201,1
236,204,4
236,153,1
236,130,2
236,10,1
236,187,17
236,98,3
236,188,1
236,152,2
236,120,3
236,241,8
236,180,7
236,103,4
236,95,1
236,194,9
136,174,18
136,222,2
136,40,4
136,41,2
136,215,1
136,161,2
136,203,1
136,240,8
136,93,7
136,156,2
49,206,49
49,101,1
49,207,1
49,232,47
49,128,1
49,237,89
49,48,145
49,99,16
49,71,3
49,72,1
49,233,1
49,216,8
49,174,8
49,106,2
49,220,7
49,44,2
49,215,40
49,117,5
49,66,3
49,161,24
49,36,9
49,26,2
49,221,14
49,70,3
49,183,29
49,2,4
49,166,4
49,157,2
49,64,10
49,125,17
49,143,1
49,91,3
49,133,1
49,8,10
49,230,1
49,114,1
49,83,9
49,51,4
49,55,1
49,129,35
49,132,2
49,82,7
49,173,10
49,204,14
49,130,1
49,154,1
49,10,2
49,187,5
49,31,7
49,59,2
49,58,1
49,100,2
49,73,1
49,105,2
49,152,2
49,74,3
49,162,1
49,195,1
49,52,1
49,147,1
49,23,1
49,120,1
49,196,1
49,135,2
49,176,1
49,241,1
49,103,1
49,95,1
49,75,1
49,202,1
49,57,1
117,216,3
117,232,33
117,125,4
117,129,1
80,106,43
80,215,16
80,89,1
80,44,3
80,166,1
80,206,8
80,212,16
80,71,1
80,188,2
80,180,1
80,187,1
80,98,1
80,161,99
80,222,3
80,38,2
80,231,1
80,132,1
80,218,1
80,158,1
80,76,1
80,120,1
80,64,86
80,101,1
80,17,2
80,152,1
80,139,1
80,23,1
80,103,3
80,207,90
80,90,21
80,117,2
80,183,21
80,232,4
80,122,27
80,216,11
80,22,1
80,243,1
80,51,173
80,129,20
80,20,19
80,197,18
80,128,1
80,163,6
80,77,12
80,113,14
80,72,8
80,8,4
80,95,3
80,143,1
80,195,16
80,174,6
80,40,2
80,220,3
80,41,1
80,36,13
80,99,2
80,26,3
80,140,1
80,221,19
80,155,1
80,116,2
80,5,3
80,70,3
80,157,1
80,203,1
80,200,2
80,43,2
80,125,22
80,118,1
80,133,10
80,235,2
80,224,36
80,49,2
80,230,1
80,83,2
80,55,4
80,82,6
80,79,1
80,86,6
80,173,4
80,204,4
80,130,1
80,154,2
80,124,4
80,237,1
80,59,4
80,73,2
80,74,1
80,196,1
80,135,1
80,176,2
80,241,1
80,202,1
64,215,2
64,89,2
64,44,13
64,133,2
64,166,2
64,206,7
64,212,13
64,71,1
64,188,2
64,180,2
64,187,2
64,98,2
64,161,2
64,222,2
64,38,2
64,231,2
64,132,2
64,218,2
64,158,2
64,76,2
64,120,2
64,101,3
64,17,2
64,152,2
64,139,2
64,23,1
64,103,2
64,74,1
64,207,64
64,80,14
64,90,60
64,117,2
64,183,20
64,232,9
64,122,7
64,216,2
64,22,2
64,173,24
64,51,82
64,129,14
64,143,101
64,195,103
64,20,13
64,197,3
64,128,28
64,163,12
64,194,1
64,157,7
64,113,2
64,72,1
64,86,4
64,224,37
64,95,2
64,50,1
64,8,1
64,105,1
64,69,1
64,77,6
64,26,1
64,221,1
64,48,1
64,97,1
64,200,5
64,125,10
64,49,2
64,230,21
64,55,1
64,82,3
64,160,1
64,154,5
64,124,1
64,31,5
64,243,2
64,123,1
64,196,1
64,176,1
44,106,32
44,215,13
44,65,1
44,89,27
44,193,1
44,133,10
44,166,5
44,206,32
44,212,4
44,69,2
44,203,2
44,71,5
44,188,5
44,180,5
44,187,5
44,98,1
44,161,5
44,222,33
44,38,10
44,235,2
44,231,5
44,132,3
44,218,3
44,158,2
44,76,3
44,120,3
44,64,24
44,101,3
44,17,3
44,152,2
44,139,2
44,23,2
44,103,2
44,74,2
44,16,2
44,8,2
44,59,2
44,151,1
44,207,1
44,80,2
44,66,37
44,242,9
44,238,7
44,117,5
44,183,5
44,232,41
44,122,1
44,216,103
44,22,1
44,192,1
44,173,1
44,199,2
44,26,1
44,40,1
44,99,5
44,136,1
44,157,203
44,239,41
44,210,81
44,41,1
44,91,1
44,43,35
44,163,1
44,153,1
44,220,1
44,82,1
44,202,1
44,92,1
44,204,1
44,241,1
44,128,63
44,174,83
44,243,2
44,221,6
44,97,2
44,112,32
44,83,1
44,223,4
44,172,44
44,90,3
90,212,2
90,64,74
90,103,2
90,207,61
90,80,25
90,122,6
90,243,1
90,51,101
90,129,1
90,143,15
90,20,1
90,128,12
90,77,14
90,113,2
90,72,3
90,95,1
90,195,14
90,44,2
90,66,1
90,221,1
90,183,8
90,157,3
90,125,2
90,91,3
90,206,1
90,163,1
90,173,1
90,197,1
90,153,1
90,154,5
90,237,1
89,174,1
15,12,30
15,232,1
15,206,2
15,4,4
186,215,1
186,89,1
186,44,1
186,166,1
186,206,2
186,212,1
186,71,1
186,188,1
186,180,1
186,187,1
186,98,1
186,161,1
186,222,1
186,38,1
186,231,1
186,132,1
186,218,1
186,158,1
186,76,1
186,120,1
186,64,1
186,101,1
186,17,1
186,152,1
186,139,1
186,23,1
186,117,1
186,183,1
186,232,1
186,216,1
186,22,1
186,208,1
186,143,1
186,91,1
186,8,1
186,224,40
186,55,1
186,243,1
186,241,1
168,139,1
168,220,1
168,215,1
168,84,1
168,183,1
168,38,1
168,118,6
168,91,1
168,206,1
168,179,1
162,158,1
162,220,5
162,44,1
162,117,4
162,99,2
162,183,4
162,232,12
162,200,1
162,64,1
162,125,8
162,212,2
162,206,5
162,8,1
162,224,1
162,83,1
162,55,1
162,132,1
162,79,2
162,160,1
162,204,1
162,130,2
162,154,2
162,124,1
162,187,1
162,31,1
162,152,1
162,176,2
162,180,1
134,106,8
134,215,9
134,65,8
134,89,3
134,44,21
134,193,2
134,133,68
134,166,3
134,206,17
134,212,418
134,203,5
134,71,3
134,188,3
134,180,5
134,187,5
134,98,3
134,161,1
134,222,3
134,38,5
134,235,1
134,231,3
134,132,4
134,218,1
134,158,1
134,76,3
134,120,3
134,64,73
134,101,3
134,17,3
134,152,3
134,139,3
134,23,1
134,103,3
134,74,3
134,16,4
134,8,6
134,59,3
134,151,2
134,207,3
134,80,6
134,66,7
134,90,4
134,184,5
134,242,5
134,238,2
134,190,2
134,117,2
134,183,26
134,232,22
134,122,4
134,216,3
134,173,5
134,243,31
134,51,7
134,129,13
134,26,92
134,174,4
134,40,4
134,99,7
134,136,3
134,157,5
134,239,1
134,41,2
134,91,12
134,14,2
134,52,1
134,200,3
134,43,3
134,163,1
134,153,2
134,220,2
134,36,2
134,240,2
134,167,2
134,140,2
134,97,1
134,82,2
134,138,2
134,2,2
134,221,3
134,1,2
134,170,2
134,77,2
134,142,2
134,119,2
134,126,2
134,202,2
134,92,1
134,204,3
134,241,1
134,210,1
134,143,53
134,195,2
134,113,1
134,114,1
134,230,6
134,185,1
134,194,1
134,31,1
134,155,5
134,7,1
134,116,1
134,5,1
134,70,1
134,182,1
134,125,103
134,107,1
134,224,1
134,49,3
134,159,2
134,55,9
134,79,1
134,197,2
134,171,2
134,223,6
134,172,1
134,124,1
134,237,1
134,46,102
134,100,1
134,196,22
174,106,191
174,215,89
174,89,10
174,69,1
174,218,2
174,151,1
174,183,67
174,216,179
174,239,49
174,140,112
174,212,1
174,158,1
174,40,202
174,44,47
174,232,22
174,66,59
174,222,15
174,220,1
174,41,93
174,117,4
174,161,93
174,36,1
174,99,9
174,26,1
174,221,4
174,7,5
174,116,2
174,70,6
174,2,4
174,48,1
174,136,56
174,97,2
174,38,1
174,166,1
174,157,14
174,24,1
174,200,3
174,244,23
174,43,17
174,64,1
174,91,14
174,206,3
174,129,2
174,82,4
174,79,39
174,173,1
174,240,4
174,204,1
174,238,1
174,223,2
174,243,1
174,59,10
174,73,1
174,93,3
174,156,9
201,215,1
201,89,1
201,44,1
201,166,1
201,206,77
201,212,1
201,71,1
201,188,1
201,180,1
201,187,1
201,98,1
201,161,2
201,38,1
201,231,1
201,132,14
201,218,1
201,158,2
201,76,1
201,120,1
201,64,1
201,101,1
201,17,1
201,152,1
201,139,1
201,23,1
201,117,1
201,183,27
201,232,21
201,216,1
201,22,1
201,154,2
201,129,13
201,208,1
201,194,5
201,192,1
201,99,4
201,221,5
201,157,1
201,125,3
201,143,1
201,224,1
201,82,1
201,173,7
201,204,1
201,236,2
97,106,2
97,215,2
97,44,2
97,193,2
97,206,2
97,203,2
97,180,2
97,187,2
97,161,2
97,222,2
97,38,2
97,218,2
97,64,1
97,151,2
97,242,2
97,238,2
97,190,2
97,117,2
97,183,2
97,232,2
97,122,2
97,216,2
97,243,2
97,51,2
97,129,2
97,174,1
97,40,2
97,136,2
97,157,2
97,239,2
97,41,2
97,14,2
97,52,2
97,47,1
97,43,4
97,116,1
97,36,2
97,240,2
97,167,2
97,140,2
97,82,2
97,138,2
97,2,2
97,221,2
97,1,2
97,170,2
97,77,2
97,142,2
97,119,2
97,126,2
97,111,1
97,233,1
97,93,1
97,107,1
97,46,110
148,106,88
148,58,1
148,215,49
148,65,8
148,89,16
148,44,884
148,193,2
148,166,3
148,206,45
148,212,9
148,203,5
148,71,15
148,188,15
148,180,3
148,187,6
148,98,1
148,161,21
148,222,16
148,38,38
148,235,2
148,231,15
148,132,12
148,218,3
148,76,2
148,120,1
148,64,147
148,101,1
148,17,7
148,152,15
148,139,211
148,23,1
148,103,2
148,74,1
148,16,10
148,8,5
148,59,1
148,151,2
148,207,11
148,80,17
148,66,39
148,90,22
148,147,2
148,190,8
148,242,12
148,238,81
148,129,16
148,172,1
148,117,14
148,183,37
148,232,28
148,122,4
148,216,152
148,22,14
148,173,12
148,243,9
148,51,18
148,26,9
148,174,157
148,40,14
148,99,15
148,136,7
148,157,173
148,239,30
148,41,17
148,91,123
148,14,10
148,52,2
148,57,3
148,200,106
148,128,74
148,47,18
148,43,33
148,116,6
148,163,3
148,153,16
148,29,1
148,220,49
148,36,8
148,240,2
148,167,2
148,140,4
148,97,6
148,82,62
148,138,2
148,2,2
148,221,29
148,1,16
148,170,2
148,77,4
148,142,2
148,119,2
148,126,2
148,113,1
148,72,2
148,202,1
148,92,1
148,204,12
148,241,4
148,111,1
148,233,1
148,93,1
148,107,1
148,21,1
148,5,1
148,210,53
148,143,1
148,105,1
148,69,1
148,84,2
148,7,5
148,118,1
148,95,48
148,20,48
148,155,3
148,70,4
148,48,3
148,24,3
148,112,24
148,182,1
148,125,17
148,133,8
148,230,1
148,83,7
148,159,4
148,55,4
148,79,7
148,160,1
148,86,1
148,197,4
148,201,1
148,171,16
148,223,7
148,150,2
148,130,5
148,154,3
148,10,1
148,31,4
148,46,119
148,73,1
148,162,1
148,123,9
148,179,1
148,176,1
31,215,6
31,89,6
31,44,6
31,166,6
31,206,6
31,212,6
31,71,6
31,188,6
31,187,6
31,98,6
31,161,6
31,222,6
31,231,6
31,132,6
31,64,6
31,152,6
31,117,6
31,183,5
31,232,2
31,216,6
31,22,6
31,135,1
31,105,1
31,69,24
31,220,24
31,95,24
31,20,24
31,200,24
31,204,3
31,99,4
31,125,4
31,143,2
31,114,1
31,160,1
42,58,2
42,17,1462
42,80,1
42,96,3
42,16,6
42,106,10
42,139,1
42,44,1
42,151,1
42,84,2
42,26,126
42,216,1
42,174,1
42,40,4
42,215,1
42,161,12
42,36,5
42,99,2
42,140,3
42,221,2
42,155,16
42,7,2
42,116,1
42,5,1
42,70,6
42,183,1
42,2,2
42,48,2
42,38,1
42,212,1
42,91,1
42,206,1
42,168,2
42,173,1
42,207,2
182,106,18
182,215,106
182,65,1
182,89,2
182,44,19
182,133,6
182,166,1
182,206,1
182,212,63
182,203,1
182,71,20
182,188,1
182,180,2
182,187,1
182,98,1
182,161,10
182,222,63
182,38,1
182,235,1
182,231,1
182,132,1
182,218,1
182,76,1
182,120,1
182,101,1
182,17,1
182,152,2
182,139,1
182,23,1
182,103,1
182,74,1
182,16,1
182,8,1
182,59,1
182,66,52
182,117,34
182,183,14
182,232,114
182,216,84
182,173,1
182,243,2
182,26,1
182,40,9
182,99,8
182,136,2
182,239,6
182,41,1
182,91,1
182,14,1
182,52,9
182,57,1
182,153,1
182,220,1
182,202,1
182,244,18
182,92,1
182,204,1
182,241,1
182,107,7
182,64,4
182,174,33
182,221,111
182,157,1
182,112,1
182,200,3
182,43,5
182,125,3
182,83,6
182,82,9
182,238,32
182,172,1
182,31,1
182,12,1
182,156,3
152,106,2
152,215,2
152,89,1
152,44,1
152,166,1
152,206,1
152,212,34
152,71,5
152,188,1
152,180,16
152,187,1
152,98,1
152,161,5
152,222,1
152,38,1
152,231,1
152,132,1
152,218,1
152,158,1
152,76,1
152,120,1
152,64,1
152,101,1
152,17,1
152,117,2
152,183,4
152,232,44
152,216,7
152,22,1
152,192,2
152,174,3
152,40,3
152,99,1
152,125,1
152,83,2
152,153,1
152,105,1
228,106,205
228,215,6
228,89,68
228,44,1
228,193,1
228,166,3
228,206,13
228,212,5
228,203,2
228,71,8
228,188,75
228,180,1
228,187,3
228,98,75
228,161,12
228,222,4
228,38,1
228,231,68
228,132,8
228,218,1
228,64,27
228,17,1
228,152,69
228,74,1
228,8,2
228,59,1
228,151,1
228,242,1
228,238,1
228,190,1
228,117,6
228,183,54
228,232,15
228,122,2
228,216,7
228,22,68
228,124,12
228,243,1
228,154,75
228,201,3
228,51,15
228,129,90
228,174,3
228,40,3
228,195,2
228,99,38
228,136,1
228,157,3
228,239,1
228,41,1
228,91,5
228,14,1
228,52,1
228,57,1
228,200,889
228,84,1
228,47,1
228,43,1
228,116,2
228,24,1
228,163,125
228,70,1
228,73,56
228,194,3
228,36,7
228,240,1
228,140,2
228,97,1
228,82,313
228,138,1
228,2,1
228,221,38
228,1,1
228,170,1
228,77,2
228,142,8
228,119,1
228,126,1
228,81,8
228,86,282
228,224,17
228,244,1
228,111,1
228,233,8
228,93,1
228,107,1
228,156,1
228,21,1
228,50,1
228,37,1
228,96,1
228,179,3
228,108,1
228,186,1
228,155,20
228,230,22
228,139,1
228,105,244
228,69,1
228,158,4
228,220,26
228,90,4
228,80,2
228,207,8
228,95,26
228,20,244
228,66,1
228,26,3
228,125,28
228,143,1
228,118,1
228,235,131
228,49,7
228,83,3
228,55,3
228,168,1
228,160,2
228,173,13
228,128,3
228,197,3
228,204,3
228,153,2
228,150,2
228,31,9
228,72,7
228,237,3
228,46,82
228,113,6
228,196,2
228,176,2
228,241,4
228,103,8
228,75,46
228,202,9
43,89,1
43,44,39
43,166,1
43,206,19
43,212,1
43,71,1
43,188,1
43,180,1
43,187,1
43,98,1
43,161,2
43,222,3
43,117,1
43,216,6
43,199,1
43,157,9
43,210,3
43,97,20
43,142,1
43,232,2
43,158,1
43,107,1
43,174,20
43,239,10
43,40,2
43,106,2
43,220,2
43,215,7
43,66,5
43,221,2
43,136,8
43,200,5
43,244,2
43,133,8
43,8,1
43,128,2
43,46,5
43,74,2
149,106,38
149,215,82
149,65,1
149,89,2
149,44,20
149,193,1
149,133,1
149,166,1
149,206,8
149,212,63
149,203,5
149,71,5
149,188,1
149,180,1
149,187,2
149,98,1
149,161,18
149,222,40
149,38,4
149,235,1
149,231,1
149,132,1
149,218,2
149,76,1
149,120,1
149,101,1
149,17,1
149,152,1
149,139,2
149,23,1
149,103,1
149,74,1
149,16,3
149,8,1
149,59,1
149,151,1
149,207,55
149,66,18
149,242,2
149,238,32
149,190,1
149,117,30
149,183,12
149,232,90
149,122,2
149,216,89
149,173,2
149,243,13
149,51,113
149,129,3
149,26,2
149,174,64
149,40,17
149,99,13
149,136,9
149,157,8
149,239,424
149,41,11
149,91,6
149,14,2
149,52,14
149,57,1
149,84,1
149,43,25
149,153,1
149,220,1
149,36,4
149,240,1
149,167,1
149,140,33
149,97,2
149,82,10
149,138,1
149,2,2
149,221,78
149,1,5
149,170,1
149,77,13
149,142,1
149,119,1
149,126,1
149,202,1
149,244,18
149,92,1
149,204,2
149,241,3
149,107,8
149,118,3
149,90,1
149,80,1
149,7,2
149,116,16
149,70,1
149,47,7
149,112,1
149,210,1
149,200,5
149,182,69
149,64,5
149,125,6
149,49,1
149,83,8
149,55,1
149,79,1
149,163,2
149,86,1
149,128,2
149,223,1
149,31,2
149,46,51
149,12,1
149,123,1
149,156,5
149,37,1
14,106,26
14,215,35
14,89,3
14,44,63
14,161,23
14,222,60
14,64,30
14,207,3
14,80,3
14,66,33
14,90,3
14,238,106
14,117,3
14,232,4
14,216,1309
14,243,2
14,51,3
14,129,3
14,174,78
14,40,33
14,41,4
14,52,4
14,57,2
14,143,8
14,195,8
14,192,1
14,107,5
14,239,1
14,220,1
14,69,1
14,99,1
14,140,1
14,221,25
14,155,1
14,183,2
14,136,1
14,157,6
14,112,3
14,244,1
14,43,1
14,125,1
14,91,9
14,206,2
14,79,1
14,128,1
14,154,3
81,132,2
81,90,2
81,51,12
81,207,4
81,77,2
81,216,6
81,40,2
81,106,3
81,215,1
81,117,1
81,99,6
81,183,21
81,232,11
81,200,13
81,43,1
81,64,4
81,125,1
81,143,1
81,91,17
81,206,29
81,224,2
81,83,1
81,55,2
81,129,7
81,82,1
81,163,1
81,86,1
81,173,4
81,204,1
81,153,1
81,73,1
81,202,1
224,106,28
224,215,41
224,89,25
224,44,18
224,133,3
224,166,17
224,206,127
224,212,112
224,69,25
224,203,4
224,71,99
224,188,9
224,180,2
224,187,26
224,98,1
224,161,40
224,222,8
224,38,9
224,235,5
224,231,17
224,132,17
224,218,11
224,158,18
224,76,2
224,120,1
224,64,149
224,101,1
224,17,1
224,152,8
224,139,10
224,23,4
224,103,2
224,74,4
224,16,10
224,8,16
224,59,1
224,207,15
224,80,3
224,90,3
224,242,1
224,117,97
224,183,363
224,232,624
224,122,1
224,216,49
224,22,16
224,124,1
224,173,22
224,199,3
224,178,3
224,154,125
224,201,5
224,51,9
224,129,150
224,20,24
224,130,148
224,195,26
224,99,73
224,197,2
224,200,41
224,189,2
224,208,14
224,171,23
224,194,5
224,220,43
224,131,24
224,86,303
224,241,9
224,50,3
224,230,48
224,105,10
224,95,23
224,174,25
224,239,3
224,40,3
224,66,1
224,36,1
224,26,3
224,221,17
224,5,1
224,48,8
224,157,7
224,47,2
224,210,3
224,182,5
224,43,3
224,125,209
224,143,5
224,91,5
224,49,2
224,83,16
224,55,4
224,82,12
224,79,6
224,160,70
224,128,1
224,204,17
224,223,1
224,153,53
224,150,1
224,10,12
224,31,5
224,72,1
224,243,6
224,236,45
224,146,1
224,73,1
224,113,2
224,179,1
224,135,28
224,176,4
224,75,6
224,202,2
224,198,4
160,215,4
160,89,9
160,44,1
160,166,2
160,206,15
160,212,3
160,71,5
160,188,1
160,180,2
160,187,9
160,98,9
160,161,2
160,222,9
160,38,2
160,231,9
160,132,9
160,218,2
160,158,2
160,76,2
160,120,2
160,64,6
160,101,2
160,17,2
160,152,10
160,139,2
160,23,2
160,117,3
160,183,30
160,232,83
160,216,2
160,22,9
160,173,8
160,154,317
160,201,1
160,129,6
160,99,25
160,197,9
160,208,1
160,194,2
160,131,1
160,86,218
160,224,204
160,50,2
160,106,23
160,105,23
160,69,23
160,220,1
160,95,23
160,20,23
160,200,2
160,174,1
160,26,6
160,221,2
160,125,13
160,91,1
160,235,1
160,8,1
160,49,4
160,230,1
160,51,1
160,82,2
160,163,4
160,128,6
160,204,1
160,124,2
160,31,1
160,73,1
160,90,7
160,207,1
160,195,1
160,241,2
160,202,7
160,92,1
33,106,2
33,215,1
33,44,4
33,193,2
33,206,2
33,203,2
33,180,2
33,187,2
33,161,2
33,222,2
33,38,2
33,218,2
33,151,2
33,117,2
33,183,1
33,232,2
33,216,7
33,243,2
33,129,2
33,174,1
33,40,2
33,136,2
33,157,1
33,239,2
33,41,2
33,14,1
33,52,2
33,43,1
33,36,2
33,240,2
33,167,2
33,140,2
33,97,2
33,82,1
33,138,2
33,2,2
33,221,2
33,1,2
33,170,2
33,77,2
33,142,6
33,119,2
33,66,1
33,212,1
33,51,1
33,128,2
33,223,103
33,46,90
220,215,1
220,158,263
220,216,1
220,174,2
220,106,1
220,66,1
220,161,14
220,36,3
220,99,3
220,183,7
220,166,4
220,232,13
220,71,8
220,64,1
220,125,4
220,212,1
220,8,1
220,83,2
220,129,1
220,82,1
220,204,1
220,130,4
220,154,1
220,31,1
220,188,1
220,236,8
220,152,1
220,103,3
18,106,1
18,161,1
18,166,14
18,232,1
18,206,1
18,98,2
169,215,57
169,65,1
169,89,1
169,44,14
169,133,1
169,166,1
169,206,1
169,212,58
169,203,1
169,71,5
169,188,1
169,180,1
169,187,1
169,98,1
169,161,6
169,222,22
169,38,1
169,235,1
169,231,1
169,132,1
169,218,1
169,76,1
169,120,1
169,101,1
169,17,1
169,152,1
169,139,1
169,23,1
169,103,1
169,74,1
169,16,1
169,8,1
169,59,1
169,66,5
169,183,8
169,232,45
169,216,39
169,173,1
169,26,1
169,174,14
169,40,5
169,99,5
169,136,1
169,41,1
169,91,1
169,52,8
169,153,1
169,220,1
169,202,1
169,244,12
169,92,1
169,204,1
169,241,1
169,107,3
169,239,6
169,106,2
169,117,12
169,221,47
169,112,1
169,200,1
169,182,55
169,43,1
169,64,1
169,125,1
169,83,4
169,82,3
169,31,1
169,12,1
169,156,1
138,16,12
138,139,6
138,5,16
138,92,13
138,26,1
138,17,1
138,7,12
138,116,1
138,65,2
138,183,5
138,136,1
138,38,6
138,166,14
138,71,2
138,8,1
138,83,1
138,173,1
105,232,5
105,129,1
105,8,1
105,143,1
105,64,1
105,117,1
105,69,1
105,183,4
105,158,1
105,99,5
52,221,27
154,215,1
154,133,1
154,206,17
154,161,1
154,64,24
154,207,1
154,80,5
154,90,7
154,183,36
154,232,15
154,122,1
154,216,9
154,173,2
154,201,1
154,51,4
154,129,3
154,99,24
154,20,1
154,197,1
154,73,1
154,194,7
154,82,1
154,131,5
154,86,2
154,50,3
154,230,9
154,114,1
154,8,1
154,143,9
154,105,1
154,117,1
154,69,1
154,195,3
154,174,1
154,26,1
154,125,20
154,224,1
154,160,6
154,14,1
154,130,1
154,152,1
154,196,2
154,176,1
27,206,1
213,215,1
213,65,1
213,89,1
213,44,1
213,133,1
213,166,1
213,206,1
213,212,60
213,203,1
213,71,1
213,188,1
213,180,1
213,187,1
213,98,1
213,161,1
213,222,1
213,38,2
213,235,1
213,231,1
213,132,1
213,218,1
213,76,1
213,120,1
213,64,1
213,101,1
213,17,1
213,152,1
213,139,1
213,23,1
213,103,1
213,74,1
213,16,6
213,8,1
213,59,1
213,207,1
213,80,1
213,66,1
213,183,1
213,232,1
213,122,1
213,216,1
213,173,1
213,26,2
213,40,1
213,99,1
213,136,1
213,41,1
213,91,1
213,163,1
213,153,1
213,220,1
213,82,1
213,202,1
213,204,1
213,241,1
213,174,1
213,106,1
213,116,3
213,142,4
128,44,47
128,206,31
128,222,6
128,64,80
128,103,2
128,207,49
128,80,3
128,90,33
128,122,1
128,51,34
128,129,1
128,99,30
128,20,1
128,163,6
128,194,1
128,82,18
128,157,31
128,113,2
128,72,1
128,125,41
128,55,1
128,176,1
128,114,1
128,112,1
128,143,8
128,221,31
128,195,8
128,200,5
128,77,7
128,216,1
128,174,1
128,239,1
128,40,1
128,106,1
128,215,5
128,117,1
128,66,1
128,161,2
128,26,1
128,183,17
128,38,2
128,232,16
128,210,4
128,71,1
128,91,6
128,173,4
128,204,1
128,31,1
128,52,4
128,23,2
128,241,1
128,95,2
121,21,7
121,5,1
121,243,46
121,216,1
121,174,3
121,222,2
121,40,4
121,44,3
121,215,3
121,66,1
121,161,2
121,26,5
121,140,1
121,84,1
121,221,6
121,7,3
121,183,6
121,136,2
121,97,1
121,157,7
121,203,2
121,244,1
121,43,1
121,64,1
121,125,1
121,206,3
121,107,1
121,82,1
121,173,1
121,46,46
207,103,3
207,80,17
207,90,92
207,122,10
207,51,334
207,20,1
207,128,19
207,77,42
207,113,2
207,72,3
207,95,1
207,163,2
207,65,1
207,44,1
207,215,3
207,161,1
207,221,1
207,200,1
207,64,27
207,212,1
207,143,2
207,91,2
207,8,1
207,230,3
207,129,1
207,154,1
207,188,1
207,23,1
102,106,24
102,215,12
102,65,9
102,89,10
102,44,57
102,193,2
102,133,3
102,166,4
102,206,875
102,212,248
102,69,26
102,203,1
102,71,4
102,188,3
102,180,4
102,187,11
102,98,2
102,161,9
102,222,2
102,38,3
102,235,7
102,231,10
102,132,10
102,218,2
102,158,2
102,76,3
102,120,3
102,64,508
102,101,3
102,17,4
102,152,11
102,139,3
102,23,3
102,103,4
102,74,4
102,16,3
102,8,14
102,59,3
102,151,2
102,207,40
102,80,146
102,66,2
102,90,154
102,184,1
102,242,1
102,238,1
102,190,1
102,117,7
102,183,547
102,232,37
102,122,9
102,216,14
102,22,7
102,124,15
102,173,121
102,243,1
102,154,58
102,201,32
102,51,41
102,129,4
102,143,56
102,26,67
102,174,3
102,40,2
102,195,43
102,99,45
102,197,18
102,136,1
102,157,61
102,239,1
102,41,3
102,91,23
102,14,1
102,52,1
102,57,1
102,128,16
102,18,1
102,84,1
102,47,1
102,43,1
102,116,1
102,24,1
102,163,59
102,70,1
102,153,111
102,237,1
102,194,3
102,220,27
102,36,20
102,240,1
102,140,1
102,97,1
102,82,2
102,138,2
102,2,1
102,221,10
102,1,1
102,170,1
102,77,4
102,142,1
102,119,1
102,126,1
102,113,5
102,72,6
102,202,12
102,224,7
102,244,1
102,92,22
102,204,12
102,241,32
102,111,1
102,233,1
102,93,1
102,107,1
102,156,1
102,21,1
102,50,3
102,160,85
102,37,1
102,96,1
102,179,1
102,108,1
102,186,1
102,155,2
102,185,7
102,105,23
102,230,1
102,95,23
102,20,23
102,200,23
102,5,1
102,48,1
102,210,5
102,125,33
102,49,10
102,83,5
102,55,2
102,86,210
102,31,7
102,46,83
102,12,1
102,73,9
102,0,1
102,81,3
102,131,1
102,123,15
102,75,2
214,106,2
214,215,2
214,44,2
214,193,2
214,206,2
214,203,2
214,180,2
214,187,2
214,161,2
214,222,2
214,38,2
214,218,2
214,64,1
214,151,2
214,242,2
214,238,2
214,190,2
214,117,2
214,183,2
214,232,2
214,122,2
214,216,2
214,243,7
214,51,2
214,129,2
214,174,1
214,40,1
214,136,2
214,157,2
214,239,2
214,41,2
214,14,2
214,52,2
214,47,1
214,43,6
214,116,1
214,36,2
214,240,2
214,167,2
214,140,2
214,97,110
214,82,2
214,138,2
214,2,2
214,221,2
214,1,2
214,170,2
214,77,2
214,142,2
214,119,2
214,126,2
214,111,1
214,233,1
214,93,1
214,107,1
214,46,110
214,223,1
127,106,2
127,215,14
127,65,9
127,89,4
127,44,5
127,193,3
127,133,3
127,166,1
127,206,35
127,212,431
127,203,2
127,71,7
127,188,4
127,180,6
127,187,107
127,98,4
127,161,10
127,222,1
127,38,9
127,235,3
127,231,4
127,132,4
127,218,18
127,76,4
127,120,4
127,64,23
127,101,4
127,17,6
127,152,5
127,139,5
127,23,4
127,103,1
127,74,2
127,16,3
127,8,5
127,59,4
127,151,2
127,207,11
127,80,143
127,66,6
127,90,11
127,184,12
127,242,2
127,238,2
127,190,3
127,117,6
127,183,51
127,232,20
127,122,10
127,216,6
127,124,166
127,173,6
127,243,51
127,49,41
127,154,2
127,51,7
127,129,7
127,26,68
127,174,5
127,40,3
127,99,20
127,136,9
127,157,2
127,239,2
127,41,5
127,91,11
127,14,2
127,52,3
127,57,1
127,128,3
127,84,17
127,47,32
127,43,1
127,116,6
127,24,1
127,163,136
127,70,26
127,153,7
127,73,1
127,237,12
127,194,3
127,220,9
127,36,14
127,240,2
127,167,1
127,140,1
127,97,2
127,82,33
127,138,2
127,2,2
127,221,4
127,1,2
127,170,2
127,77,2
127,142,6
127,119,2
127,126,2
127,113,3
127,72,8
127,202,1
127,244,2
127,92,6
127,204,6
127,241,6
127,111,1
127,233,1
127,93,1
127,107,1
127,156,2
127,21,2
127,48,9
127,50,1
127,37,1
127,96,1
127,179,1
127,108,1
127,186,1
127,155,35
127,143,17
127,158,1
127,195,1
127,25,3
127,118,19
127,114,1
127,230,1
127,185,1
127,31,3
127,7,5
127,5,4
127,200,14
127,125,15
127,83,9
127,160,2
127,86,1
127,197,2
127,35,16
127,46,134
127,123,11
127,196,22
197,215,51
197,206,63
197,212,39
197,71,149
197,187,32
197,161,53
197,64,95
197,101,1
197,23,13
197,207,4
197,117,20
197,232,201
197,192,8
197,124,10
197,49,13
197,29,2
197,154,22
197,143,7
197,99,103
197,91,5
197,153,45
197,100,1
197,10,5
197,194,4
197,113,1
197,72,36
197,183,112
197,160,23
197,130,48
197,30,1
197,38,5
197,158,1
197,216,17
197,174,8
197,239,1
197,222,1
197,40,2
197,106,8
197,220,13
197,44,2
197,66,1
197,36,1
197,26,10
197,221,32
197,5,1
197,65,1
197,70,1
197,48,14
197,166,12
197,157,2
197,47,1
197,200,7
197,43,1
197,125,117
197,133,1
197,235,5
197,8,14
197,224,6
197,230,11
197,114,1
197,83,6
197,51,6
197,55,14
197,129,41
197,132,22
197,168,1
197,82,5
197,163,5
197,86,15
197,173,36
197,128,1
197,204,24
197,80,47
197,76,1
197,31,11
197,243,1
197,98,6
197,188,6
197,88,1
197,219,1
197,236,2
197,90,3
197,105,3
197,152,5
197,142,34
197,74,4
197,195,7
197,52,4
197,131,1
197,123,3
197,196,1
197,176,7
197,241,2
197,103,2
197,75,2
197,202,36
56,103,2
56,207,54
56,80,7
56,90,38
56,122,2
56,243,1
56,51,108
56,195,28
56,128,1
56,163,80
56,77,16
56,113,8
56,72,3
56,86,29
56,224,6
56,230,266
56,232,16
56,129,35
56,143,13
56,99,7
56,183,2
56,114,2
56,31,1
56,154,67
56,117,1
56,221,1
56,64,9
56,125,13
56,206,4
56,8,1
56,83,1
56,55,1
56,82,1
56,197,11
56,201,1
56,196,6
56,176,1
56,185,11
131,183,66
131,232,154
131,173,3
131,130,1
131,194,2
131,50,5
131,124,1
131,99,60
131,200,1
131,16,1
131,129,36
131,143,8
131,195,1
131,192,2
131,206,5
131,90,2
131,51,1
131,80,1
131,113,1
131,114,1
131,230,1
131,185,1
131,31,5
131,207,1
131,216,3
131,69,1
131,215,3
131,117,9
131,36,1
131,7,1
131,48,1
131,71,3
131,64,5
131,125,42
131,212,1
131,91,8
131,8,1
131,224,2
131,83,7
131,55,1
131,132,12
131,82,9
131,160,16
131,163,1
131,128,1
131,201,1
131,204,7
131,153,5
131,154,67
131,187,2
131,23,4
131,196,21
131,135,2
131,176,5
147,216,8
147,222,1
147,40,2
147,44,1
147,215,9
147,36,6
147,183,1
147,232,2
147,64,1
147,82,1
147,52,8
147,126,1
239,106,4
239,215,4
239,44,17
239,193,1
239,206,1
239,203,1
239,180,1
239,187,1
239,161,1
239,222,2
239,38,1
239,218,1
239,151,1
239,242,1
239,238,1
239,190,1
239,117,1
239,183,1
239,232,1
239,122,1
239,216,3
239,243,1
239,51,1
239,129,1
239,174,22
239,40,10
239,136,2
239,157,7
239,41,6
239,14,1
239,52,1
239,43,6
239,36,1
239,240,1
239,167,1
239,140,7
239,97,1
239,82,1
239,138,1
239,2,1
239,221,1
239,1,1
239,170,1
239,77,1
239,142,1
239,119,1
239,126,1
239,89,1
239,66,7
239,70,1
239,244,2
239,91,6
239,107,1
239,79,1
239,128,1
239,46,51
142,192,38
142,91,21
40,106,9
40,215,20
40,44,1
40,193,1
40,206,1
40,203,1
40,180,1
40,187,1
40,161,2
40,222,11
40,38,1
40,218,1
40,151,1
40,66,8
40,242,1
40,238,7
40,190,1
40,117,1
40,183,4
40,232,1
40,122,1
40,216,92
40,243,1
40,51,1
40,129,1
40,174,142
40,136,17
40,157,1
40,239,8
40,41,47
40,14,1
40,52,1
40,43,3
40,36,1
40,240,1
40,167,1
40,140,1
40,97,1
40,82,1
40,138,1
40,2,1
40,221,1
40,1,1
40,170,1
40,77,1
40,142,1
40,119,1
40,126,1
40,244,4
40,220,1
40,210,1
40,200,1
40,91,3
40,46,51
40,59,3
40,93,1
40,156,2
123,124,10
123,99,14
123,241,10
123,44,11
123,215,2
123,26,3
123,65,1
123,183,50
123,97,1
123,157,5
123,232,12
123,64,18
123,125,7
123,212,4
123,143,2
123,206,23
123,235,1
123,8,3
123,49,1
123,83,2
123,51,1
123,129,2
123,82,3
123,160,1
123,163,1
123,173,7
123,128,10
123,197,10
123,204,1
123,80,1
123,153,4
123,154,4
123,31,6
123,72,2
123,243,4
123,188,1
123,90,9
123,207,4
123,176,1
123,75,1
123,194,1
123,202,4
176,65,1
176,220,7
176,215,1
176,117,3
176,161,1
176,99,13
176,183,23
176,232,13
176,64,9
176,125,52
176,212,5
176,143,2
176,91,2
176,206,3
176,8,26
176,224,3
176,230,5
176,83,1
176,55,45
176,129,11
176,132,4
176,79,3
176,86,3
176,173,3
176,201,1
176,204,1
176,153,3
176,76,1
176,31,1
176,90,1
176,207,3
176,152,1
176,135,2
176,241,3
176,103,1
176,202,7
7,16,134
7,136,6
7,5,71
7,17,26
7,161,1
7,174,1
7,106,4
7,41,1
7,84,2
7,138,19
7,116,20
7,65,12
7,139,1
7,203,2
7,24,13
7,218,2
219,215,5
219,89,4
219,44,4
219,133,4
219,166,4
219,206,4
219,212,4
219,69,2
219,203,4
219,71,4
219,188,4
219,180,4
219,187,4
219,98,4
219,161,4
219,222,4
219,38,4
219,235,4
219,231,4
219,132,4
219,218,4
219,158,4
219,76,4
219,120,4
219,64,4
219,101,4
219,17,4
219,152,4
219,139,4
219,23,4
219,103,4
219,74,4
219,16,4
219,8,4
219,59,4
219,207,4
219,80,4
219,117,4
219,183,4
219,232,4
219,122,4
219,205,10
219,63,2
219,54,2
219,198,2
17,106,8
17,22,1
17,96,7
17,16,18
17,215,1
17,5,12
17,44,1
17,151,1
17,231,1
17,199,1
17,174,3
17,40,3
17,161,16
17,36,4
17,99,2
17,26,18
17,140,2
17,84,1
17,221,4
17,155,69
17,7,75
17,138,1
17,116,8
17,65,2
17,70,1
17,183,1
17,2,2
17,24,2
17,64,1
17,10,1
17,142,15
159,106,9
159,215,3
159,89,1
159,44,2
159,133,1
159,166,1
159,206,1
159,212,1
159,69,1
159,203,2
159,71,1
159,188,1
159,180,1
159,187,1
159,98,1
159,161,2
159,222,1
159,38,1
159,235,1
159,231,1
159,132,1
159,218,1
159,158,1
159,76,1
159,120,1
159,64,1
159,101,1
159,17,1
159,152,1
159,139,1
159,23,1
159,103,1
159,74,1
159,16,1
159,8,1
159,59,1
159,151,1
159,207,1
159,80,1
159,66,1
159,117,1
159,22,1
159,25,1
159,216,3
159,174,40
159,183,1
159,232,1
159,47,1
159,244,2
159,79,1
53,16,825
53,59,3
53,174,1
53,25,1
53,84,219
53,80,5
53,118,2696
53,38,79
53,17,2
53,215,3
53,139,44
53,65,2
53,5,16
53,22,1
53,179,25
53,7,10
53,35,19
53,116,24
53,138,11
53,24,1
53,239,1
53,222,1
53,106,23
53,41,1
53,161,2
53,26,1
53,221,2
53,155,2
53,70,2
53,183,10
53,2,2
53,136,30
53,166,3
53,203,31
53,47,59
53,244,2
53,64,4
53,125,3
53,212,1
53,206,3
53,8,4
53,107,33
53,168,26
53,79,1
53,124,1
53,151,1
53,93,10
53,233,2
118,139,45
118,16,669
118,5,37
118,25,1
118,84,178
118,7,25
118,116,64
118,80,4
118,38,173
118,17,16
118,203,61
118,179,244
118,216,1
118,215,2
118,136,41
118,65,10
118,22,1
118,107,47
118,35,19
118,47,75
118,138,21
118,24,1
118,174,5
118,239,1
118,222,5
118,106,20
118,41,1
118,44,1
118,161,3
118,99,4
118,26,1
118,140,1
118,221,1
118,155,5
118,183,10
118,2,2
118,191,3
118,166,4
118,157,1
118,244,2
118,125,2
118,206,1
118,8,1
118,168,35
118,79,1
118,124,1
118,59,3
118,151,2
118,93,10
118,233,2
222,106,3
222,89,1
222,216,6
222,156,3
222,107,9
222,174,2
222,215,3
222,66,1
222,136,1
222,157,3
222,244,3
222,206,1
222,129,1
222,79,1
222,240,5
222,218,1
155,199,1
155,16,22
155,139,1
155,5,4
155,210,1
155,216,3
155,174,3
155,40,1
155,44,2
155,215,9
155,161,1
155,36,1
155,26,1
155,17,106
155,221,4
155,7,8
155,138,1
155,116,24
155,70,5
155,183,2
155,136,1
155,38,3
155,232,3
155,182,2
155,64,8
155,125,1
155,212,6
155,118,1
155,91,1
155,133,1
155,224,1
155,168,3
155,82,1
155,173,1
155,128,1
155,76,2
155,124,1
155,243,7
155,59,1
155,146,2
155,81,1
155,207,2
155,142,82
155,147,1
146,215,20
146,89,2
146,44,2
146,166,1
146,206,1
146,212,25
146,71,3
146,188,4
146,180,3
146,187,1
146,98,2
146,161,2
146,222,7
146,38,1
146,231,1
146,132,5
146,218,1
146,158,1
146,76,1
146,120,1
146,64,3
146,101,1
146,17,1
146,152,7
146,139,1
146,23,1
146,117,6
146,183,14
146,232,21
146,216,12
146,22,1
146,199,1
146,208,1
146,174,4
146,106,1
146,69,4
146,99,5
146,221,38
146,65,2
146,157,1
146,125,1
146,224,39
146,83,1
146,129,1
146,82,1
146,74,8
146,162,1
98,89,1
98,44,1
98,166,1
98,206,21
98,212,1
98,71,1
98,188,1
98,180,1
98,187,1
98,161,1
98,222,1
98,117,2
98,232,59
98,216,1
98,199,1
98,144,96
98,215,2
98,183,4
98,125,1
98,153,1
98,18,8
107,106,1
107,203,1
107,222,7
107,136,1
107,47,1
107,240,2
107,244,1
107,111,1
107,93,1
107,156,1
107,40,1
66,106,12
66,232,2
66,216,2
66,174,12
66,222,3
66,40,5
66,44,8
66,215,7
66,161,1
66,183,2
66,136,1
66,166,1
66,133,1
66,73,1
215,106,1
215,89,2
215,216,2
215,174,9
215,140,1
215,221,1
215,183,1
215,232,2
68,215,70
68,44,8
68,206,168
68,212,30
68,71,97
68,188,9
68,187,36
68,98,8
68,161,62
68,64,642
68,101,1
68,207,18
68,80,292
68,90,13
68,117,34
68,183,328
68,232,206
68,122,1
68,124,304
68,49,107
68,154,132
68,51,15
68,129,104
68,143,20
68,195,27
68,99,212
68,20,16
68,197,5604
68,91,22
68,200,44
68,163,194
68,153,245
68,100,2
68,237,7
68,194,11
68,220,62
68,132,73
68,82,31
68,113,1
68,202,74
68,160,134
68,130,109
68,241,14
68,76,4
68,158,1
68,106,10
68,65,3
68,5,3
68,38,17
68,8,90
68,105,8
68,69,14
68,192,8
68,31,21
68,26,45
68,95,5
68,142,55
68,216,25
68,174,8
68,222,1
68,40,9
68,66,1
68,36,14
68,84,1
68,221,29
68,155,1
68,138,2
68,116,3
68,70,3
68,48,52
68,166,16
68,157,6
68,43,2
68,125,228
68,133,3
68,235,7
68,224,4
68,230,70
68,114,1
68,83,19
68,55,22
68,168,2
68,79,7
68,86,32
68,173,75
68,128,13
68,201,1
68,204,54
68,150,2
68,10,3
68,72,44
68,88,1
68,236,1
68,208,1
68,73,2
68,81,1
68,152,3
68,74,7
68,52,4
68,131,4
68,23,20
68,123,15
68,120,8
68,196,2
68,179,2
68,135,2
68,176,20
68,103,6
68,75,7
68,92,3
68,57,1
68,126,1
112,215,10
112,89,2
112,44,22
112,166,1
112,206,1
112,212,5
112,71,1
112,188,1
112,180,1
112,187,1
112,98,1
112,161,13
112,222,3
112,38,1
112,231,1
112,132,1
112,218,1
112,158,1
112,76,1
112,120,1
112,64,1
112,101,1
112,17,1
112,66,19
112,117,2
112,183,1
112,232,9
112,216,7
112,22,1
112,192,1
112,157,9
112,239,8
112,174,11
112,40,1
112,106,2
112,140,6
112,221,12
112,97,1
112,83,1
112,128,2
112,223,1
112,172,2
112,202,1
75,64,49
75,207,8
75,80,25
75,90,17
75,122,1
75,51,17
75,129,15
75,195,9
75,20,1
75,200,29
75,202,23
75,183,69
75,173,9
75,143,3
75,71,3
75,72,3
75,77,2
75,216,5
75,174,2
75,222,5
75,106,6
75,220,5
75,69,1
75,44,1
75,215,8
75,117,18
75,161,4
75,99,53
75,26,14
75,140,1
75,221,26
75,157,4
75,232,33
75,125,26
75,212,13
75,91,54
75,206,23
75,235,10
75,8,5
75,224,1
75,230,9
75,83,1
75,55,2
75,132,3
75,82,33
75,79,1
75,163,3
75,86,1
75,128,1
75,197,3
75,201,1
75,204,3
75,153,3
75,150,8
75,130,2
75,154,10
75,124,2
75,187,1
75,31,3
75,237,2
75,73,4
75,52,35
75,176,18
75,241,12
75,103,2
75,95,5
75,194,1
75,126,1
209,206,1
209,38,21
209,103,3
209,8,1
209,80,82
209,122,1
209,154,2
209,51,13
209,84,4
209,77,2
209,92,4
209,118,15
209,136,4
209,16,11
209,139,6
209,65,2
209,192,2
209,25,1
209,90,3
209,207,14
209,216,1
209,174,1
209,239,1
209,106,1
209,215,1
209,161,5
209,26,3
209,155,6
209,138,2
209,116,7
209,5,8
209,183,6
209,166,1
209,157,4
209,203,5
209,232,1
209,47,3
209,24,1
209,64,3
209,107,2
209,83,3
209,129,1
209,168,1
209,82,1
209,160,1
209,179,4
209,95,1
139,65,73
139,16,64
139,5,24
139,84,50
139,38,2
139,7,5
139,118,1
139,216,1
139,116,15
139,183,1
139,136,1
139,191,1
139,24,2
216,215,20
216,89,1
216,44,29
216,222,13
216,174,71
216,40,57
216,232,2
216,106,41
216,239,2
216,220,1
216,69,1
216,41,6
216,117,3
216,66,9
216,161,2
216,183,2
216,157,4
216,244,1
216,43,1
216,133,1
216,206,1
216,79,1
216,14,1
216,154,3
216,180,1
199,106,12
199,215,37
199,89,8
199,44,69
199,133,7
199,166,21
199,206,105
199,212,114
199,203,16
199,71,8
199,188,10
199,180,7
199,187,12
199,98,3
199,161,19
199,222,2
199,38,9
199,231,1
199,132,22
199,158,1
199,120,9
199,64,32
199,101,2
199,152,7
199,74,1
199,16,5
199,207,1
199,80,7
199,90,2
199,117,12
199,183,43
199,232,118
199,122,2
199,216,43
199,173,7
199,243,231
199,49,27
199,219,4
199,205,2
199,29,7
199,191,2
199,236,2
199,178,1
199,51,6
199,129,15
199,20,3
199,197,3
199,5,29
199,210,2
199,200,4
199,47,3
199,70,131
199,153,24
199,208,1
199,146,2
199,100,3
199,171,8
199,10,7
199,36,8
199,96,1
199,22,1
199,7,1
199,65,1
199,192,2
199,17,9
199,118,2
199,174,43
199,40,5
199,220,8
199,69,2
199,66,7
199,99,6
199,26,3
199,221,20
199,138,2
199,116,1
199,48,397
199,136,1
199,97,1
199,157,6
199,43,5
199,125,16
199,143,2
199,91,7
199,235,3
199,8,36
199,224,4
199,230,1
199,83,6
199,55,2
199,79,1
199,160,4
199,86,1
199,240,1
199,201,1
199,204,12
199,14,1
199,76,2
199,1,1
199,130,38
199,154,5
199,31,1
199,72,1
199,186,150
199,46,52
199,59,1
199,58,1
199,88,2
199,105,2
199,142,2
199,195,1
199,179,1
199,135,2
199,176,1
199,241,1
199,121,2
199,103,1
60,215,34
60,89,7
60,44,6
60,133,1
60,206,97
60,212,11
60,71,14
60,188,6
60,187,69
60,98,5
60,161,38
60,222,1
60,231,7
60,132,20
60,64,1277
60,101,1
60,152,3
60,207,54
60,80,31
60,90,24
60,117,23
60,183,146
60,232,91
60,122,4
60,216,6
60,22,7
60,173,68
60,49,27
60,154,158
60,51,80
60,129,69
60,143,97
60,99,85
60,20,42
60,197,73
60,91,5
60,200,194
60,163,35
60,153,39
60,208,1
60,29,1
60,100,3
60,194,2
60,82,169
60,77,8
60,113,1
60,202,8
60,128,12
60,123,18
60,50,2
60,130,43
60,55,21
60,106,37
60,8,43
60,105,290
60,69,40
60,158,5
60,195,13
60,220,24
60,31,22
60,72,6
60,95,6
60,174,6
60,40,1
60,36,6
60,26,3
60,221,14
60,138,3
60,116,1
60,5,1
60,70,6
60,48,55
60,38,18
60,166,8
60,157,5
60,125,97
60,235,6
60,224,5
60,230,5
60,83,4
60,79,2
60,86,2
60,204,30
60,76,4
60,150,4
60,10,3
60,124,9
60,243,1
60,59,1
60,88,1
60,219,1
60,81,1
60,131,7
60,23,15
60,120,2
60,196,1
60,135,2
60,176,4
60,241,10
60,180,1
60,103,4
60,75,4
210,44,76
210,89,6
210,232,6
210,157,87
210,206,2
210,216,1
210,174,4
210,239,1
210,106,1
210,215,1
210,112,5
210,43,2
153,215,38
153,65,2
153,89,13
153,44,19
153,133,4
153,166,55
153,206,251
153,212,170
153,203,2
153,71,62
153,188,8
153,180,1
153,187,38
153,98,3
153,161,14
153,222,9
153,38,5
153,235,18
153,231,9
153,132,53
153,218,3
153,158,8
153,76,5
153,120,10
153,64,108
153,101,3
153,17,2
153,152,1
153,139,2
153,23,19
153,103,10
153,74,2
153,16,2
153,8,114
153,59,2
153,207,11
153,80,10
153,66,4
153,117,17
153,183,388
153,232,946
153,122,1
153,216,12
153,22,7
153,192,6
153,124,13
153,173,64
153,199,2
153,236,19
153,201,11
153,26,5
153,40,1
153,99,98
153,136,2
153,41,2
153,91,65
153,128,55
153,163,7
153,220,49
153,36,64
153,82,30
153,72,56
153,202,3
153,244,1
153,92,2
153,204,70
153,241,16
153,130,358
153,55,43
153,129,131
153,67,1
153,62,1
153,19,1
153,3,1
153,13,1
153,85,1
153,9,1
153,5,1
153,105,4
153,69,24
153,90,4
153,51,12
153,95,1
153,20,24
153,200,23
153,77,1
153,174,8
153,221,6
153,116,1
153,48,5
153,97,1
153,157,10
153,210,1
153,125,257
153,143,21
153,224,27
153,49,2
153,230,4
153,83,4
153,79,5
153,160,30
153,86,7
153,197,61
153,14,1
153,154,32
153,31,21
153,237,2
153,73,2
153,0,1
153,162,3
153,195,6
153,131,2
153,123,7
153,196,4
153,135,9
153,176,55
153,194,5
212,106,1
212,215,3
212,65,8
212,89,10
212,44,3
212,193,2
212,133,20
212,166,1
212,206,55
212,203,1
212,71,4
212,188,1
212,180,1
212,187,8
212,98,2
212,161,2
212,222,2
212,38,7
212,235,2
212,231,6
212,132,3
212,218,4
212,158,3
212,76,5
212,120,5
212,64,64
212,101,5
212,17,5
212,152,5
212,139,2
212,23,4
212,103,1
212,74,6
212,16,3
212,8,2
212,59,3
212,151,1
212,207,4
212,80,1
212,66,2
212,184,9
212,242,2
212,238,1
212,190,1
212,117,4
212,183,18
212,232,19
212,122,4
212,216,8
212,22,2
212,192,1
212,173,11
212,243,1
212,199,2
212,51,2
212,129,1
212,143,3
212,26,83
212,174,2
212,40,4
212,99,2
212,20,1
212,136,3
212,157,5
212,239,1
212,41,4
212,91,3
212,14,1
212,52,1
212,43,1
212,87,1
212,178,1
212,189,1
212,163,3
212,153,2
212,220,2
212,36,1
212,240,1
212,167,1
212,140,1
212,97,1
212,82,2
212,138,1
212,2,1
212,221,3
212,1,1
212,170,1
212,77,1
212,142,1
212,119,1
212,126,1
212,202,2
212,244,1
212,92,2
212,204,1
212,241,2
212,69,1
212,125,2
212,160,2
212,172,7
212,124,3
212,72,7
212,46,51
212,236,1
212,90,3
181,18,11
181,215,4
181,117,1
181,183,1
181,143,1
181,206,1
181,98,2
181,179,1
181,241,1
135,215,8
135,89,1
135,44,2
135,166,1
135,206,7
135,212,30
135,71,17
135,188,1
135,180,3
135,187,5
135,98,2
135,161,6
135,222,1
135,38,1
135,90,2
135,117,21
135,183,128
135,232,86
135,216,5
135,173,1
135,129,23
135,99,59
135,105,27
135,194,1
135,131,1
135,50,1
135,130,6
135,8,5
135,143,12
135,64,10
135,69,2
135,174,4
135,220,3
135,26,1
135,48,1
135,200,3
135,125,35
135,230,2
135,114,1
135,51,1
135,55,4
135,132,5
135,82,5
135,201,1
135,204,3
135,153,4
135,76,1
135,154,17
135,31,11
135,72,1
135,152,3
135,23,19
135,120,2
135,176,21
135,241,9
135,202,1
184,26,2
184,125,1
184,212,14
184,206,1
184,52,1
163,161,11
163,64,48
163,103,3
163,207,15
163,80,130
163,90,34
163,122,4
163,51,24
163,129,17
163,20,3
163,197,1
163,128,3
163,113,1
163,72,15
163,202,1
163,95,1
163,200,2
163,143,8
163,195,8
163,77,1
163,44,1
163,215,12
163,36,2
163,26,3
163,183,14
163,38,1
163,232,5
163,43,1
163,125,10
163,212,2
163,206,4
163,8,1
163,230,1
163,82,3
163,173,2
163,153,1
163,31,1
163,23,3
163,176,1
